date,platform,source,campaign,spend,impressions,clicks,platform_conversions
2025-01-01,Google Ads,Google Ads,Search | Interior Painting,182.21,361,25,1
2025-01-01,Google Ads,Google Ads,Search | Exterior Painting,43.21,84,5,0
2025-01-01,Google Ads,Google Ads,Search | Cabinet Painting,34.92,79,5,0
2025-01-01,Google Ads,Google Ads,Search | Drywall Repair,42.64,124,8,0
2025-01-01,Google Ads,Google Ads,Search | Minor Remodeling,201.38,401,23,1
2025-01-01,Meta,Facebook Ads,Meta | Home Refresh,15.33,329,5,0
2025-01-01,Meta,Facebook Ads,Meta | Free Estimate,23.9,579,11,0
2025-01-02,Google Ads,Google Ads,Search | Interior Painting,150.2,296,18,1
2025-01-02,Google Ads,Google Ads,Search | Exterior Painting,409.82,871,50,1
2025-01-02,Google Ads,Google Ads,Search | Cabinet Painting,7.07,15,1,0
2025-01-02,Google Ads,Google Ads,Search | Drywall Repair,7.63,14,1,0
2025-01-02,Google Ads,Google Ads,Search | Minor Remodeling,130.91,251,12,0
2025-01-02,Meta,Facebook Ads,Meta | Home Refresh,69.75,1863,28,1
2025-01-02,Meta,Facebook Ads,Meta | Free Estimate,61.65,1390,29,1
2025-01-03,Google Ads,Google Ads,Search | Interior Painting,231.69,651,33,2
2025-01-03,Google Ads,Google Ads,Search | Exterior Painting,20.29,49,3,0
2025-01-03,Google Ads,Google Ads,Search | Cabinet Painting,97.97,202,14,2
2025-01-03,Google Ads,Google Ads,Search | Drywall Repair,73.73,176,12,0
2025-01-03,Google Ads,Google Ads,Search | Minor Remodeling,23.23,37,2,0
2025-01-03,Meta,Facebook Ads,Meta | Home Refresh,66.88,1434,24,1
2025-01-03,Meta,Facebook Ads,Meta | Free Estimate,66.8,1654,32,0
2025-01-04,Google Ads,Google Ads,Search | Interior Painting,11.12,15,1,0
2025-01-04,Google Ads,Google Ads,Search | Exterior Painting,229.18,523,34,1
2025-01-04,Google Ads,Google Ads,Search | Cabinet Painting,85.73,164,12,0
2025-01-04,Google Ads,Google Ads,Search | Drywall Repair,15.81,41,3,0
2025-01-04,Google Ads,Google Ads,Search | Minor Remodeling,18.51,36,2,0
2025-01-04,Meta,Facebook Ads,Meta | Home Refresh,115.42,2449,39,1
2025-01-04,Meta,Facebook Ads,Meta | Free Estimate,13.19,302,6,0
2025-01-05,Google Ads,Google Ads,Search | Interior Painting,34.53,72,5,0
2025-01-05,Google Ads,Google Ads,Search | Exterior Painting,332.34,652,44,3
2025-01-05,Google Ads,Google Ads,Search | Cabinet Painting,5.0,17,1,0
2025-01-05,Google Ads,Google Ads,Search | Drywall Repair,122.27,351,24,1
2025-01-05,Google Ads,Google Ads,Search | Minor Remodeling,49.93,99,6,0
2025-01-05,Meta,Facebook Ads,Meta | Home Refresh,112.71,2494,42,1
2025-01-05,Meta,Facebook Ads,Meta | Free Estimate,19.72,508,10,0
2025-01-06,Google Ads,Google Ads,Search | Interior Painting,44.04,100,7,0
2025-01-06,Google Ads,Google Ads,Search | Exterior Painting,225.71,477,30,2
2025-01-06,Google Ads,Google Ads,Search | Cabinet Painting,130.72,359,21,1
2025-01-06,Google Ads,Google Ads,Search | Drywall Repair,86.79,229,16,1
2025-01-06,Google Ads,Google Ads,Search | Minor Remodeling,42.37,85,5,0
2025-01-06,Meta,Facebook Ads,Meta | Home Refresh,121.27,2341,41,2
2025-01-06,Meta,Facebook Ads,Meta | Free Estimate,130.51,3338,72,2
2025-01-07,Google Ads,Google Ads,Search | Interior Painting,92.76,201,13,1
2025-01-07,Google Ads,Google Ads,Search | Exterior Painting,211.55,480,29,2
2025-01-07,Google Ads,Google Ads,Search | Cabinet Painting,46.84,114,8,0
2025-01-07,Google Ads,Google Ads,Search | Drywall Repair,218.7,529,37,2
2025-01-07,Google Ads,Google Ads,Search | Minor Remodeling,77.93,123,7,0
2025-01-07,Meta,Facebook Ads,Meta | Home Refresh,104.64,1915,33,2
2025-01-07,Meta,Facebook Ads,Meta | Free Estimate,70.74,1447,35,1
2025-01-08,Google Ads,Google Ads,Search | Interior Painting,196.58,427,32,3
2025-01-08,Google Ads,Google Ads,Search | Exterior Painting,99.58,187,11,1
2025-01-08,Google Ads,Google Ads,Search | Cabinet Painting,98.71,216,13,1
2025-01-08,Google Ads,Google Ads,Search | Drywall Repair,160.18,419,27,2
2025-01-08,Google Ads,Google Ads,Search | Minor Remodeling,17.85,37,2,0
2025-01-08,Meta,Facebook Ads,Meta | Home Refresh,135.79,3405,60,3
2025-01-08,Meta,Facebook Ads,Meta | Free Estimate,130.53,2805,62,2
2025-01-09,Google Ads,Google Ads,Search | Interior Painting,78.0,172,11,0
2025-01-09,Google Ads,Google Ads,Search | Exterior Painting,101.18,178,12,0
2025-01-09,Google Ads,Google Ads,Search | Cabinet Painting,145.41,306,23,1
2025-01-09,Google Ads,Google Ads,Search | Drywall Repair,55.68,137,9,0
2025-01-09,Google Ads,Google Ads,Search | Minor Remodeling,187.58,323,18,0
2025-01-09,Meta,Facebook Ads,Meta | Home Refresh,92.95,2329,39,0
2025-01-09,Meta,Facebook Ads,Meta | Free Estimate,100.19,2456,45,2
2025-01-10,Google Ads,Google Ads,Search | Interior Painting,236.32,490,31,1
2025-01-10,Google Ads,Google Ads,Search | Exterior Painting,151.0,297,18,1
2025-01-10,Google Ads,Google Ads,Search | Cabinet Painting,18.78,45,3,0
2025-01-10,Google Ads,Google Ads,Search | Drywall Repair,169.32,444,29,2
2025-01-10,Google Ads,Google Ads,Search | Minor Remodeling,32.05,75,4,0
2025-01-10,Meta,Facebook Ads,Meta | Home Refresh,22.33,492,9,0
2025-01-10,Meta,Facebook Ads,Meta | Free Estimate,56.19,1251,29,1
2025-01-11,Google Ads,Google Ads,Search | Interior Painting,42.48,73,5,0
2025-01-11,Google Ads,Google Ads,Search | Exterior Painting,217.37,404,26,2
2025-01-11,Google Ads,Google Ads,Search | Cabinet Painting,127.72,236,17,1
2025-01-11,Google Ads,Google Ads,Search | Drywall Repair,78.24,209,14,1
2025-01-11,Google Ads,Google Ads,Search | Minor Remodeling,74.65,131,7,0
2025-01-11,Meta,Facebook Ads,Meta | Home Refresh,84.44,1582,30,1
2025-01-11,Meta,Facebook Ads,Meta | Free Estimate,46.88,1022,22,1
2025-01-12,Google Ads,Google Ads,Search | Interior Painting,147.33,322,22,1
2025-01-12,Google Ads,Google Ads,Search | Exterior Painting,209.89,470,30,1
2025-01-12,Google Ads,Google Ads,Search | Cabinet Painting,52.34,110,8,0
2025-01-12,Google Ads,Google Ads,Search | Drywall Repair,70.99,195,14,2
2025-01-12,Google Ads,Google Ads,Search | Minor Remodeling,70.41,146,8,0
2025-01-12,Meta,Facebook Ads,Meta | Home Refresh,34.87,881,14,0
2025-01-12,Meta,Facebook Ads,Meta | Free Estimate,122.05,2657,59,4
2025-01-13,Google Ads,Google Ads,Search | Interior Painting,375.96,721,51,4
2025-01-13,Google Ads,Google Ads,Search | Exterior Painting,336.82,850,46,3
2025-01-13,Google Ads,Google Ads,Search | Cabinet Painting,24.68,58,4,0
2025-01-13,Google Ads,Google Ads,Search | Drywall Repair,20.89,51,3,0
2025-01-13,Google Ads,Google Ads,Search | Minor Remodeling,5.0,17,1,0
2025-01-13,Meta,Facebook Ads,Meta | Home Refresh,151.29,3255,57,2
2025-01-13,Meta,Facebook Ads,Meta | Free Estimate,11.1,229,5,0
2025-01-14,Google Ads,Google Ads,Search | Interior Painting,221.7,463,32,2
2025-01-14,Google Ads,Google Ads,Search | Exterior Painting,32.59,64,4,0
2025-01-14,Google Ads,Google Ads,Search | Cabinet Painting,12.78,34,2,0
2025-01-14,Google Ads,Google Ads,Search | Drywall Repair,240.74,642,43,2
2025-01-14,Google Ads,Google Ads,Search | Minor Remodeling,49.74,94,5,0
2025-01-14,Meta,Facebook Ads,Meta | Home Refresh,100.35,1954,35,1
2025-01-14,Meta,Facebook Ads,Meta | Free Estimate,96.74,2459,44,0
2025-01-15,Google Ads,Google Ads,Search | Interior Painting,206.81,393,25,2
2025-01-15,Google Ads,Google Ads,Search | Exterior Painting,94.35,164,12,1
2025-01-15,Google Ads,Google Ads,Search | Cabinet Painting,87.57,196,13,1
2025-01-15,Google Ads,Google Ads,Search | Drywall Repair,17.35,43,3,0
2025-01-15,Google Ads,Google Ads,Search | Minor Remodeling,47.67,112,6,0
2025-01-15,Meta,Facebook Ads,Meta | Home Refresh,42.27,1026,17,0
2025-01-15,Meta,Facebook Ads,Meta | Free Estimate,186.93,3841,76,3
2025-01-16,Google Ads,Google Ads,Search | Interior Painting,241.42,567,36,2
2025-01-16,Google Ads,Google Ads,Search | Exterior Painting,121.44,290,19,1
2025-01-16,Google Ads,Google Ads,Search | Cabinet Painting,9.34,17,1,0
2025-01-16,Google Ads,Google Ads,Search | Drywall Repair,112.31,346,21,1
2025-01-16,Google Ads,Google Ads,Search | Minor Remodeling,5.0,17,1,0
2025-01-16,Meta,Facebook Ads,Meta | Home Refresh,290.52,4709,80,4
2025-01-16,Meta,Facebook Ads,Meta | Free Estimate,92.74,2630,51,1
2025-01-17,Google Ads,Google Ads,Search | Interior Painting,101.42,277,16,1
2025-01-17,Google Ads,Google Ads,Search | Exterior Painting,187.07,409,24,2
2025-01-17,Google Ads,Google Ads,Search | Cabinet Painting,370.49,835,57,4
2025-01-17,Google Ads,Google Ads,Search | Drywall Repair,144.16,360,26,1
2025-01-17,Google Ads,Google Ads,Search | Minor Remodeling,139.34,250,12,1
2025-01-17,Meta,Facebook Ads,Meta | Home Refresh,98.1,2149,35,1
2025-01-17,Meta,Facebook Ads,Meta | Free Estimate,78.14,1855,34,1
2025-01-18,Google Ads,Google Ads,Search | Interior Painting,116.59,227,16,1
2025-01-18,Google Ads,Google Ads,Search | Exterior Painting,170.79,364,23,1
2025-01-18,Google Ads,Google Ads,Search | Cabinet Painting,9.62,26,2,0
2025-01-18,Google Ads,Google Ads,Search | Drywall Repair,21.08,54,4,0
2025-01-18,Google Ads,Google Ads,Search | Minor Remodeling,86.45,197,10,0
2025-01-18,Meta,Facebook Ads,Meta | Home Refresh,62.0,1563,27,1
2025-01-18,Meta,Facebook Ads,Meta | Free Estimate,206.0,4641,98,4
2025-01-19,Google Ads,Google Ads,Search | Interior Painting,189.75,433,29,1
2025-01-19,Google Ads,Google Ads,Search | Exterior Painting,8.22,16,1,0
2025-01-19,Google Ads,Google Ads,Search | Cabinet Painting,97.03,253,17,1
2025-01-19,Google Ads,Google Ads,Search | Drywall Repair,74.63,180,12,1
2025-01-19,Google Ads,Google Ads,Search | Minor Remodeling,20.58,37,2,0
2025-01-19,Meta,Facebook Ads,Meta | Home Refresh,5.0,127,2,0
2025-01-19,Meta,Facebook Ads,Meta | Free Estimate,50.86,1311,24,1
2025-01-20,Google Ads,Google Ads,Search | Interior Painting,124.15,320,20,1
2025-01-20,Google Ads,Google Ads,Search | Exterior Painting,128.81,288,16,1
2025-01-20,Google Ads,Google Ads,Search | Cabinet Painting,28.27,85,5,0
2025-01-20,Google Ads,Google Ads,Search | Drywall Repair,86.87,207,14,1
2025-01-20,Google Ads,Google Ads,Search | Minor Remodeling,5.0,19,1,0
2025-01-20,Meta,Facebook Ads,Meta | Home Refresh,7.02,120,2,0
2025-01-20,Meta,Facebook Ads,Meta | Free Estimate,45.49,928,21,0
2025-01-21,Google Ads,Google Ads,Search | Interior Painting,101.74,213,15,1
2025-01-21,Google Ads,Google Ads,Search | Exterior Painting,249.32,507,29,2
2025-01-21,Google Ads,Google Ads,Search | Cabinet Painting,181.49,476,28,2
2025-01-21,Google Ads,Google Ads,Search | Drywall Repair,36.51,75,5,0
2025-01-21,Google Ads,Google Ads,Search | Minor Remodeling,37.83,82,4,0
2025-01-21,Meta,Facebook Ads,Meta | Home Refresh,126.39,2754,47,1
2025-01-21,Meta,Facebook Ads,Meta | Free Estimate,166.91,4030,83,4
2025-01-22,Google Ads,Google Ads,Search | Interior Painting,5.0,15,1,0
2025-01-22,Google Ads,Google Ads,Search | Exterior Painting,116.2,260,14,1
2025-01-22,Google Ads,Google Ads,Search | Cabinet Painting,68.79,148,10,1
2025-01-22,Google Ads,Google Ads,Search | Drywall Repair,94.9,219,14,1
2025-01-22,Google Ads,Google Ads,Search | Minor Remodeling,185.61,453,22,1
2025-01-22,Meta,Facebook Ads,Meta | Home Refresh,71.85,1742,28,0
2025-01-22,Meta,Facebook Ads,Meta | Free Estimate,21.43,482,10,0
2025-01-23,Google Ads,Google Ads,Search | Interior Painting,206.81,556,35,2
2025-01-23,Google Ads,Google Ads,Search | Exterior Painting,167.65,346,21,1
2025-01-23,Google Ads,Google Ads,Search | Cabinet Painting,13.61,32,2,0
2025-01-23,Google Ads,Google Ads,Search | Drywall Repair,53.85,158,11,1
2025-01-23,Google Ads,Google Ads,Search | Minor Remodeling,24.23,61,3,0
2025-01-23,Meta,Facebook Ads,Meta | Home Refresh,69.83,1484,25,1
2025-01-23,Meta,Facebook Ads,Meta | Free Estimate,66.62,1544,31,1
2025-01-24,Google Ads,Google Ads,Search | Interior Painting,81.19,168,11,0
2025-01-24,Google Ads,Google Ads,Search | Exterior Painting,5.0,17,1,0
2025-01-24,Google Ads,Google Ads,Search | Cabinet Painting,44.08,120,7,1
2025-01-24,Google Ads,Google Ads,Search | Drywall Repair,52.99,156,11,0
2025-01-24,Google Ads,Google Ads,Search | Minor Remodeling,243.14,410,26,2
2025-01-24,Meta,Facebook Ads,Meta | Home Refresh,99.58,1942,36,1
2025-01-24,Meta,Facebook Ads,Meta | Free Estimate,195.96,3427,84,2
2025-01-25,Google Ads,Google Ads,Search | Interior Painting,291.46,693,41,3
2025-01-25,Google Ads,Google Ads,Search | Exterior Painting,184.69,347,21,1
2025-01-25,Google Ads,Google Ads,Search | Cabinet Painting,136.46,280,19,1
2025-01-25,Google Ads,Google Ads,Search | Drywall Repair,5.0,14,1,0
2025-01-25,Google Ads,Google Ads,Search | Minor Remodeling,162.84,314,17,1
2025-01-25,Meta,Facebook Ads,Meta | Home Refresh,185.14,4083,74,2
2025-01-25,Meta,Facebook Ads,Meta | Free Estimate,5.0,87,2,0
2025-01-26,Google Ads,Google Ads,Search | Interior Painting,25.16,58,4,0
2025-01-26,Google Ads,Google Ads,Search | Exterior Painting,34.37,71,4,0
2025-01-26,Google Ads,Google Ads,Search | Cabinet Painting,41.49,109,7,0
2025-01-26,Google Ads,Google Ads,Search | Drywall Repair,41.83,97,8,0
2025-01-26,Google Ads,Google Ads,Search | Minor Remodeling,160.56,289,16,1
2025-01-26,Meta,Facebook Ads,Meta | Home Refresh,266.75,5288,94,3
2025-01-26,Meta,Facebook Ads,Meta | Free Estimate,10.83,248,6,0
2025-01-27,Google Ads,Google Ads,Search | Interior Painting,180.77,446,28,2
2025-01-27,Google Ads,Google Ads,Search | Exterior Painting,66.71,165,9,0
2025-01-27,Google Ads,Google Ads,Search | Cabinet Painting,11.29,32,2,0
2025-01-27,Google Ads,Google Ads,Search | Drywall Repair,331.47,801,54,3
2025-01-27,Google Ads,Google Ads,Search | Minor Remodeling,536.62,1003,57,3
2025-01-27,Meta,Facebook Ads,Meta | Home Refresh,118.46,2494,37,1
2025-01-27,Meta,Facebook Ads,Meta | Free Estimate,153.32,3123,70,4
2025-01-28,Google Ads,Google Ads,Search | Interior Painting,251.18,469,32,1
2025-01-28,Google Ads,Google Ads,Search | Exterior Painting,136.25,244,17,1
2025-01-28,Google Ads,Google Ads,Search | Cabinet Painting,74.78,160,11,0
2025-01-28,Google Ads,Google Ads,Search | Drywall Repair,264.89,621,41,3
2025-01-28,Google Ads,Google Ads,Search | Minor Remodeling,8.27,20,1,0
2025-01-28,Meta,Facebook Ads,Meta | Home Refresh,375.15,7002,119,4
2025-01-28,Meta,Facebook Ads,Meta | Free Estimate,8.15,180,4,0
2025-01-29,Google Ads,Google Ads,Search | Interior Painting,267.39,478,32,2
2025-01-29,Google Ads,Google Ads,Search | Exterior Painting,382.54,917,55,2
2025-01-29,Google Ads,Google Ads,Search | Cabinet Painting,118.16,299,19,1
2025-01-29,Google Ads,Google Ads,Search | Drywall Repair,59.1,133,9,0
2025-01-29,Google Ads,Google Ads,Search | Minor Remodeling,123.68,261,13,1
2025-01-29,Meta,Facebook Ads,Meta | Home Refresh,86.7,1807,32,1
2025-01-29,Meta,Facebook Ads,Meta | Free Estimate,26.76,470,11,0
2025-01-30,Google Ads,Google Ads,Search | Interior Painting,106.58,201,15,1
2025-01-30,Google Ads,Google Ads,Search | Exterior Painting,356.28,576,37,2
2025-01-30,Google Ads,Google Ads,Search | Cabinet Painting,241.98,583,37,1
2025-01-30,Google Ads,Google Ads,Search | Drywall Repair,5.0,14,1,0
2025-01-30,Google Ads,Google Ads,Search | Minor Remodeling,266.09,604,29,2
2025-01-30,Meta,Facebook Ads,Meta | Home Refresh,184.05,3623,59,2
2025-01-30,Meta,Facebook Ads,Meta | Free Estimate,118.8,2934,57,2
2025-01-31,Google Ads,Google Ads,Search | Interior Painting,124.3,265,17,1
2025-01-31,Google Ads,Google Ads,Search | Exterior Painting,119.67,268,16,1
2025-01-31,Google Ads,Google Ads,Search | Cabinet Painting,18.64,44,3,0
2025-01-31,Google Ads,Google Ads,Search | Drywall Repair,112.46,346,23,0
2025-01-31,Google Ads,Google Ads,Search | Minor Remodeling,40.78,74,4,0
2025-01-31,Meta,Facebook Ads,Meta | Home Refresh,449.89,9487,152,7
2025-01-31,Meta,Facebook Ads,Meta | Free Estimate,40.15,946,19,0
2025-02-01,Google Ads,Google Ads,Search | Interior Painting,44.39,97,7,0
2025-02-01,Google Ads,Google Ads,Search | Exterior Painting,127.75,292,16,1
2025-02-01,Google Ads,Google Ads,Search | Cabinet Painting,6.39,14,1,0
2025-02-01,Google Ads,Google Ads,Search | Drywall Repair,45.73,135,9,0
2025-02-01,Google Ads,Google Ads,Search | Minor Remodeling,316.88,593,32,2
2025-02-01,Meta,Facebook Ads,Meta | Home Refresh,183.96,3866,68,1
2025-02-01,Meta,Facebook Ads,Meta | Free Estimate,61.66,1312,25,0
2025-02-02,Google Ads,Google Ads,Search | Interior Painting,221.55,557,35,1
2025-02-02,Google Ads,Google Ads,Search | Exterior Painting,31.72,71,4,0
2025-02-02,Google Ads,Google Ads,Search | Cabinet Painting,35.72,69,5,0
2025-02-02,Google Ads,Google Ads,Search | Drywall Repair,201.91,442,33,1
2025-02-02,Google Ads,Google Ads,Search | Minor Remodeling,31.93,74,4,0
2025-02-02,Meta,Facebook Ads,Meta | Home Refresh,28.76,618,10,0
2025-02-02,Meta,Facebook Ads,Meta | Free Estimate,30.41,892,17,0
2025-02-03,Google Ads,Google Ads,Search | Interior Painting,91.97,179,12,1
2025-02-03,Google Ads,Google Ads,Search | Exterior Painting,5.0,16,1,0
2025-02-03,Google Ads,Google Ads,Search | Cabinet Painting,23.24,45,3,0
2025-02-03,Google Ads,Google Ads,Search | Drywall Repair,41.83,133,9,0
2025-02-03,Google Ads,Google Ads,Search | Minor Remodeling,438.26,1025,50,4
2025-02-03,Meta,Facebook Ads,Meta | Home Refresh,157.07,3099,52,2
2025-02-03,Meta,Facebook Ads,Meta | Free Estimate,47.56,1039,22,0
2025-02-04,Google Ads,Google Ads,Search | Interior Painting,320.38,810,48,3
2025-02-04,Google Ads,Google Ads,Search | Exterior Painting,196.53,421,24,2
2025-02-04,Google Ads,Google Ads,Search | Cabinet Painting,34.74,82,5,0
2025-02-04,Google Ads,Google Ads,Search | Drywall Repair,10.29,26,2,0
2025-02-04,Google Ads,Google Ads,Search | Minor Remodeling,25.54,36,2,0
2025-02-04,Meta,Facebook Ads,Meta | Home Refresh,216.26,4501,73,2
2025-02-04,Meta,Facebook Ads,Meta | Free Estimate,180.91,4162,80,4
2025-02-05,Google Ads,Google Ads,Search | Interior Painting,126.45,378,20,1
2025-02-05,Google Ads,Google Ads,Search | Exterior Painting,43.61,95,6,0
2025-02-05,Google Ads,Google Ads,Search | Cabinet Painting,228.57,431,33,2
2025-02-05,Google Ads,Google Ads,Search | Drywall Repair,84.03,256,18,1
2025-02-05,Google Ads,Google Ads,Search | Minor Remodeling,55.53,123,6,0
2025-02-05,Meta,Facebook Ads,Meta | Home Refresh,76.44,1919,31,1
2025-02-05,Meta,Facebook Ads,Meta | Free Estimate,89.61,2040,40,1
2025-02-06,Google Ads,Google Ads,Search | Interior Painting,176.6,383,24,1
2025-02-06,Google Ads,Google Ads,Search | Exterior Painting,162.62,313,22,1
2025-02-06,Google Ads,Google Ads,Search | Cabinet Painting,15.65,29,2,0
2025-02-06,Google Ads,Google Ads,Search | Drywall Repair,119.69,282,22,1
2025-02-06,Google Ads,Google Ads,Search | Minor Remodeling,7.2,17,1,0
2025-02-06,Meta,Facebook Ads,Meta | Home Refresh,177.28,3352,63,5
2025-02-06,Meta,Facebook Ads,Meta | Free Estimate,81.69,2240,42,2
2025-02-07,Google Ads,Google Ads,Search | Interior Painting,202.5,410,30,2
2025-02-07,Google Ads,Google Ads,Search | Exterior Painting,140.06,303,17,1
2025-02-07,Google Ads,Google Ads,Search | Cabinet Painting,11.51,14,1,0
2025-02-07,Google Ads,Google Ads,Search | Drywall Repair,29.14,66,5,0
2025-02-07,Google Ads,Google Ads,Search | Minor Remodeling,175.25,436,21,1
2025-02-07,Meta,Facebook Ads,Meta | Home Refresh,168.15,4216,78,5
2025-02-07,Meta,Facebook Ads,Meta | Free Estimate,79.52,1839,40,2
2025-02-08,Google Ads,Google Ads,Search | Interior Painting,96.43,155,12,1
2025-02-08,Google Ads,Google Ads,Search | Exterior Painting,129.01,224,14,1
2025-02-08,Google Ads,Google Ads,Search | Cabinet Painting,106.65,222,15,1
2025-02-08,Google Ads,Google Ads,Search | Drywall Repair,25.58,50,4,0
2025-02-08,Google Ads,Google Ads,Search | Minor Remodeling,36.79,75,4,0
2025-02-08,Meta,Facebook Ads,Meta | Home Refresh,30.56,615,11,0
2025-02-08,Meta,Facebook Ads,Meta | Free Estimate,29.26,656,14,0
2025-02-09,Google Ads,Google Ads,Search | Interior Painting,159.86,354,22,2
2025-02-09,Google Ads,Google Ads,Search | Exterior Painting,29.55,70,4,0
2025-02-09,Google Ads,Google Ads,Search | Cabinet Painting,5.89,16,1,0
2025-02-09,Google Ads,Google Ads,Search | Drywall Repair,12.67,41,3,0
2025-02-09,Google Ads,Google Ads,Search | Minor Remodeling,19.77,35,2,0
2025-02-09,Meta,Facebook Ads,Meta | Home Refresh,54.3,1360,22,0
2025-02-09,Meta,Facebook Ads,Meta | Free Estimate,50.09,926,22,1
2025-02-10,Google Ads,Google Ads,Search | Interior Painting,97.48,196,15,2
2025-02-10,Google Ads,Google Ads,Search | Exterior Painting,161.03,262,18,1
2025-02-10,Google Ads,Google Ads,Search | Cabinet Painting,17.59,45,3,0
2025-02-10,Google Ads,Google Ads,Search | Drywall Repair,74.28,177,13,1
2025-02-10,Google Ads,Google Ads,Search | Minor Remodeling,50.52,88,5,0
2025-02-10,Meta,Facebook Ads,Meta | Home Refresh,97.77,2110,34,1
2025-02-10,Meta,Facebook Ads,Meta | Free Estimate,344.29,7167,158,4
2025-02-11,Google Ads,Google Ads,Search | Interior Painting,6.64,17,1,0
2025-02-11,Google Ads,Google Ads,Search | Exterior Painting,160.86,333,20,1
2025-02-11,Google Ads,Google Ads,Search | Cabinet Painting,5.0,16,1,0
2025-02-11,Google Ads,Google Ads,Search | Drywall Repair,111.17,287,20,2
2025-02-11,Google Ads,Google Ads,Search | Minor Remodeling,142.59,326,17,1
2025-02-11,Meta,Facebook Ads,Meta | Home Refresh,10.94,249,4,0
2025-02-11,Meta,Facebook Ads,Meta | Free Estimate,5.0,97,2,0
2025-02-12,Google Ads,Google Ads,Search | Interior Painting,84.41,172,12,1
2025-02-12,Google Ads,Google Ads,Search | Exterior Painting,19.45,64,3,0
2025-02-12,Google Ads,Google Ads,Search | Cabinet Painting,229.63,592,37,2
2025-02-12,Google Ads,Google Ads,Search | Drywall Repair,13.13,45,3,0
2025-02-12,Google Ads,Google Ads,Search | Minor Remodeling,20.95,36,2,0
2025-02-12,Meta,Facebook Ads,Meta | Home Refresh,6.03,112,2,0
2025-02-12,Meta,Facebook Ads,Meta | Free Estimate,155.6,2438,58,2
2025-02-13,Google Ads,Google Ads,Search | Interior Painting,134.5,253,16,2
2025-02-13,Google Ads,Google Ads,Search | Exterior Painting,100.31,248,15,1
2025-02-13,Google Ads,Google Ads,Search | Cabinet Painting,471.21,1079,76,3
2025-02-13,Google Ads,Google Ads,Search | Drywall Repair,32.56,109,7,0
2025-02-13,Google Ads,Google Ads,Search | Minor Remodeling,140.97,215,14,2
2025-02-13,Meta,Facebook Ads,Meta | Home Refresh,209.87,4732,84,2
2025-02-13,Meta,Facebook Ads,Meta | Free Estimate,5.0,122,3,0
2025-02-14,Google Ads,Google Ads,Search | Interior Painting,203.78,417,26,2
2025-02-14,Google Ads,Google Ads,Search | Exterior Painting,102.86,232,13,0
2025-02-14,Google Ads,Google Ads,Search | Cabinet Painting,11.61,15,1,0
2025-02-14,Google Ads,Google Ads,Search | Drywall Repair,92.01,258,16,1
2025-02-14,Google Ads,Google Ads,Search | Minor Remodeling,101.84,161,9,1
2025-02-14,Meta,Facebook Ads,Meta | Home Refresh,63.7,1430,24,2
2025-02-14,Meta,Facebook Ads,Meta | Free Estimate,218.65,5495,109,4
2025-02-15,Google Ads,Google Ads,Search | Interior Painting,233.02,485,32,2
2025-02-15,Google Ads,Google Ads,Search | Exterior Painting,287.37,518,34,2
2025-02-15,Google Ads,Google Ads,Search | Cabinet Painting,5.0,14,1,0
2025-02-15,Google Ads,Google Ads,Search | Drywall Repair,102.91,260,16,1
2025-02-15,Google Ads,Google Ads,Search | Minor Remodeling,125.61,263,15,0
2025-02-15,Meta,Facebook Ads,Meta | Home Refresh,5.0,103,2,0
2025-02-15,Meta,Facebook Ads,Meta | Free Estimate,65.18,1124,29,1
2025-02-16,Google Ads,Google Ads,Search | Interior Painting,16.65,29,2,0
2025-02-16,Google Ads,Google Ads,Search | Exterior Painting,425.44,912,47,2
2025-02-16,Google Ads,Google Ads,Search | Cabinet Painting,6.48,16,1,0
2025-02-16,Google Ads,Google Ads,Search | Drywall Repair,72.63,239,17,1
2025-02-16,Google Ads,Google Ads,Search | Minor Remodeling,20.56,36,2,0
2025-02-16,Meta,Facebook Ads,Meta | Home Refresh,95.96,1724,32,1
2025-02-16,Meta,Facebook Ads,Meta | Free Estimate,39.62,999,20,0
2025-02-17,Google Ads,Google Ads,Search | Interior Painting,5.0,16,1,0
2025-02-17,Google Ads,Google Ads,Search | Exterior Painting,161.15,344,22,0
2025-02-17,Google Ads,Google Ads,Search | Cabinet Painting,218.79,447,34,2
2025-02-17,Google Ads,Google Ads,Search | Drywall Repair,9.29,29,2,0
2025-02-17,Google Ads,Google Ads,Search | Minor Remodeling,22.52,51,3,0
2025-02-17,Meta,Facebook Ads,Meta | Home Refresh,68.2,1435,24,1
2025-02-17,Meta,Facebook Ads,Meta | Free Estimate,64.44,1210,29,1
2025-02-18,Google Ads,Google Ads,Search | Interior Painting,5.0,15,1,0
2025-02-18,Google Ads,Google Ads,Search | Exterior Painting,6.84,18,1,0
2025-02-18,Google Ads,Google Ads,Search | Cabinet Painting,33.03,70,5,0
2025-02-18,Google Ads,Google Ads,Search | Drywall Repair,5.0,13,1,0
2025-02-18,Google Ads,Google Ads,Search | Minor Remodeling,18.11,37,2,0
2025-02-18,Meta,Facebook Ads,Meta | Home Refresh,98.09,2120,37,1
2025-02-18,Meta,Facebook Ads,Meta | Free Estimate,13.89,356,7,0
2025-02-19,Google Ads,Google Ads,Search | Interior Painting,238.03,452,29,2
2025-02-19,Google Ads,Google Ads,Search | Exterior Painting,308.76,505,35,3
2025-02-19,Google Ads,Google Ads,Search | Cabinet Painting,22.27,54,4,0
2025-02-19,Google Ads,Google Ads,Search | Drywall Repair,113.87,289,21,1
2025-02-19,Google Ads,Google Ads,Search | Minor Remodeling,50.57,105,6,0
2025-02-19,Meta,Facebook Ads,Meta | Home Refresh,93.78,1627,31,1
2025-02-19,Meta,Facebook Ads,Meta | Free Estimate,267.9,5266,114,5
2025-02-20,Google Ads,Google Ads,Search | Interior Painting,230.71,548,34,2
2025-02-20,Google Ads,Google Ads,Search | Exterior Painting,397.34,873,51,2
2025-02-20,Google Ads,Google Ads,Search | Cabinet Painting,217.47,597,39,2
2025-02-20,Google Ads,Google Ads,Search | Drywall Repair,81.91,232,17,1
2025-02-20,Google Ads,Google Ads,Search | Minor Remodeling,235.62,527,30,1
2025-02-20,Meta,Facebook Ads,Meta | Home Refresh,144.42,3141,46,3
2025-02-20,Meta,Facebook Ads,Meta | Free Estimate,279.45,5800,134,3
2025-02-21,Google Ads,Google Ads,Search | Interior Painting,103.16,237,16,1
2025-02-21,Google Ads,Google Ads,Search | Exterior Painting,284.63,651,39,2
2025-02-21,Google Ads,Google Ads,Search | Cabinet Painting,19.31,41,3,0
2025-02-21,Google Ads,Google Ads,Search | Drywall Repair,195.15,616,37,2
2025-02-21,Google Ads,Google Ads,Search | Minor Remodeling,128.54,263,13,1
2025-02-21,Meta,Facebook Ads,Meta | Home Refresh,73.23,1394,26,1
2025-02-21,Meta,Facebook Ads,Meta | Free Estimate,50.55,1250,23,2
2025-02-22,Google Ads,Google Ads,Search | Interior Painting,117.01,270,16,1
2025-02-22,Google Ads,Google Ads,Search | Exterior Painting,88.07,197,12,1
2025-02-22,Google Ads,Google Ads,Search | Cabinet Painting,99.71,248,16,1
2025-02-22,Google Ads,Google Ads,Search | Drywall Repair,91.94,223,16,1
2025-02-22,Google Ads,Google Ads,Search | Minor Remodeling,204.18,415,22,2
2025-02-22,Meta,Facebook Ads,Meta | Home Refresh,40.52,799,13,0
2025-02-22,Meta,Facebook Ads,Meta | Free Estimate,51.55,1379,28,2
2025-02-23,Google Ads,Google Ads,Search | Interior Painting,140.83,295,20,1
2025-02-23,Google Ads,Google Ads,Search | Exterior Painting,109.02,227,14,1
2025-02-23,Google Ads,Google Ads,Search | Cabinet Painting,394.53,971,55,3
2025-02-23,Google Ads,Google Ads,Search | Drywall Repair,9.33,26,2,0
2025-02-23,Google Ads,Google Ads,Search | Minor Remodeling,167.09,280,16,1
2025-02-23,Meta,Facebook Ads,Meta | Home Refresh,132.12,3563,55,2
2025-02-23,Meta,Facebook Ads,Meta | Free Estimate,16.05,404,8,0
2025-02-24,Google Ads,Google Ads,Search | Interior Painting,132.14,338,22,1
2025-02-24,Google Ads,Google Ads,Search | Exterior Painting,281.82,529,33,2
2025-02-24,Google Ads,Google Ads,Search | Cabinet Painting,6.74,17,1,0
2025-02-24,Google Ads,Google Ads,Search | Drywall Repair,23.93,59,4,0
2025-02-24,Google Ads,Google Ads,Search | Minor Remodeling,156.65,295,19,1
2025-02-24,Meta,Facebook Ads,Meta | Home Refresh,321.17,7146,116,3
2025-02-24,Meta,Facebook Ads,Meta | Free Estimate,195.67,5175,89,4
2025-02-25,Google Ads,Google Ads,Search | Interior Painting,188.77,325,22,2
2025-02-25,Google Ads,Google Ads,Search | Exterior Painting,251.5,519,31,2
2025-02-25,Google Ads,Google Ads,Search | Cabinet Painting,120.57,355,23,1
2025-02-25,Google Ads,Google Ads,Search | Drywall Repair,123.83,322,25,0
2025-02-25,Google Ads,Google Ads,Search | Minor Remodeling,472.26,847,50,1
2025-02-25,Meta,Facebook Ads,Meta | Home Refresh,168.76,4619,72,2
2025-02-25,Meta,Facebook Ads,Meta | Free Estimate,62.37,1104,25,1
2025-02-26,Google Ads,Google Ads,Search | Interior Painting,184.91,590,33,2
2025-02-26,Google Ads,Google Ads,Search | Exterior Painting,265.49,622,34,2
2025-02-26,Google Ads,Google Ads,Search | Cabinet Painting,112.89,263,17,1
2025-02-26,Google Ads,Google Ads,Search | Drywall Repair,79.93,227,15,1
2025-02-26,Google Ads,Google Ads,Search | Minor Remodeling,36.04,55,3,0
2025-02-26,Meta,Facebook Ads,Meta | Home Refresh,75.94,1500,26,1
2025-02-26,Meta,Facebook Ads,Meta | Free Estimate,86.5,2001,41,1
2025-02-27,Google Ads,Google Ads,Search | Interior Painting,87.22,207,12,1
2025-02-27,Google Ads,Google Ads,Search | Exterior Painting,584.78,1149,71,4
2025-02-27,Google Ads,Google Ads,Search | Cabinet Painting,20.13,46,3,0
2025-02-27,Google Ads,Google Ads,Search | Drywall Repair,23.07,60,4,0
2025-02-27,Google Ads,Google Ads,Search | Minor Remodeling,130.29,250,13,1
2025-02-27,Meta,Facebook Ads,Meta | Home Refresh,14.09,298,5,0
2025-02-27,Meta,Facebook Ads,Meta | Free Estimate,73.68,1797,37,1
2025-02-28,Google Ads,Google Ads,Search | Interior Painting,87.46,145,10,1
2025-02-28,Google Ads,Google Ads,Search | Exterior Painting,690.34,1447,89,7
2025-02-28,Google Ads,Google Ads,Search | Cabinet Painting,316.9,756,47,3
2025-02-28,Google Ads,Google Ads,Search | Drywall Repair,15.17,45,3,0
2025-02-28,Google Ads,Google Ads,Search | Minor Remodeling,215.64,356,21,1
2025-02-28,Meta,Facebook Ads,Meta | Home Refresh,35.24,751,13,0
2025-02-28,Meta,Facebook Ads,Meta | Free Estimate,29.41,572,13,0
2025-03-01,Google Ads,Google Ads,Search | Interior Painting,18.53,52,3,0
2025-03-01,Google Ads,Google Ads,Search | Exterior Painting,95.15,231,13,1
2025-03-01,Google Ads,Google Ads,Search | Cabinet Painting,64.02,120,8,0
2025-03-01,Google Ads,Google Ads,Search | Drywall Repair,20.95,47,4,0
2025-03-01,Google Ads,Google Ads,Search | Minor Remodeling,179.76,327,19,1
2025-03-01,Meta,Facebook Ads,Meta | Home Refresh,28.73,559,10,0
2025-03-01,Meta,Facebook Ads,Meta | Seasonal Promo,39.85,858,16,0
2025-03-01,Meta,Facebook Ads,Meta | Free Estimate,12.23,235,5,0
2025-03-02,Google Ads,Google Ads,Search | Interior Painting,198.08,401,29,3
2025-03-02,Google Ads,Google Ads,Search | Exterior Painting,175.99,428,24,1
2025-03-02,Google Ads,Google Ads,Search | Cabinet Painting,9.26,29,2,0
2025-03-02,Google Ads,Google Ads,Search | Drywall Repair,50.9,170,12,0
2025-03-02,Google Ads,Google Ads,Search | Minor Remodeling,68.44,135,8,0
2025-03-02,Meta,Facebook Ads,Meta | Home Refresh,190.78,4631,75,2
2025-03-02,Meta,Facebook Ads,Meta | Seasonal Promo,7.94,228,4,0
2025-03-02,Meta,Facebook Ads,Meta | Free Estimate,74.46,1554,32,1
2025-03-03,Google Ads,Google Ads,Search | Interior Painting,91.11,188,13,2
2025-03-03,Google Ads,Google Ads,Search | Exterior Painting,369.94,743,47,5
2025-03-03,Google Ads,Google Ads,Search | Cabinet Painting,40.66,88,6,0
2025-03-03,Google Ads,Google Ads,Search | Drywall Repair,105.45,275,21,1
2025-03-03,Google Ads,Google Ads,Search | Minor Remodeling,12.9,19,1,0
2025-03-03,Meta,Facebook Ads,Meta | Home Refresh,206.58,4507,67,2
2025-03-03,Meta,Facebook Ads,Meta | Seasonal Promo,78.7,1989,35,0
2025-03-03,Meta,Facebook Ads,Meta | Free Estimate,16.72,364,8,0
2025-03-04,Google Ads,Google Ads,Search | Interior Painting,131.23,307,19,1
2025-03-04,Google Ads,Google Ads,Search | Exterior Painting,131.87,289,17,1
2025-03-04,Google Ads,Google Ads,Search | Cabinet Painting,346.82,675,50,3
2025-03-04,Google Ads,Google Ads,Search | Drywall Repair,183.42,481,36,2
2025-03-04,Google Ads,Google Ads,Search | Minor Remodeling,39.56,71,4,0
2025-03-04,Meta,Facebook Ads,Meta | Home Refresh,81.83,1889,29,0
2025-03-04,Meta,Facebook Ads,Meta | Seasonal Promo,10.65,217,4,0
2025-03-04,Meta,Facebook Ads,Meta | Free Estimate,27.28,700,16,0
2025-03-05,Google Ads,Google Ads,Search | Interior Painting,408.54,995,64,4
2025-03-05,Google Ads,Google Ads,Search | Exterior Painting,133.9,232,14,1
2025-03-05,Google Ads,Google Ads,Search | Cabinet Painting,91.65,214,15,1
2025-03-05,Google Ads,Google Ads,Search | Drywall Repair,123.27,274,22,1
2025-03-05,Google Ads,Google Ads,Search | Minor Remodeling,119.63,176,10,1
2025-03-05,Meta,Facebook Ads,Meta | Home Refresh,25.9,517,9,0
2025-03-05,Meta,Facebook Ads,Meta | Seasonal Promo,35.76,777,15,0
2025-03-05,Meta,Facebook Ads,Meta | Free Estimate,66.88,1581,34,0
2025-03-06,Google Ads,Google Ads,Search | Interior Painting,112.74,219,16,1
2025-03-06,Google Ads,Google Ads,Search | Exterior Painting,93.62,177,12,0
2025-03-06,Google Ads,Google Ads,Search | Cabinet Painting,129.41,314,20,1
2025-03-06,Google Ads,Google Ads,Search | Drywall Repair,233.75,610,43,3
2025-03-06,Google Ads,Google Ads,Search | Minor Remodeling,379.62,700,42,2
2025-03-06,Meta,Facebook Ads,Meta | Home Refresh,255.28,5049,90,3
2025-03-06,Meta,Facebook Ads,Meta | Seasonal Promo,12.71,321,6,0
2025-03-06,Meta,Facebook Ads,Meta | Free Estimate,90.12,2385,46,1
2025-03-07,Google Ads,Google Ads,Search | Interior Painting,413.47,1039,62,3
2025-03-07,Google Ads,Google Ads,Search | Exterior Painting,289.35,626,39,3
2025-03-07,Google Ads,Google Ads,Search | Cabinet Painting,82.98,232,13,1
2025-03-07,Google Ads,Google Ads,Search | Drywall Repair,155.75,415,28,1
2025-03-07,Google Ads,Google Ads,Search | Minor Remodeling,27.04,38,2,0
2025-03-07,Meta,Facebook Ads,Meta | Home Refresh,101.32,2320,40,1
2025-03-07,Meta,Facebook Ads,Meta | Seasonal Promo,37.03,810,17,0
2025-03-07,Meta,Facebook Ads,Meta | Free Estimate,129.44,3085,73,2
2025-03-08,Google Ads,Google Ads,Search | Interior Painting,60.99,160,11,0
2025-03-08,Google Ads,Google Ads,Search | Exterior Painting,31.61,89,5,0
2025-03-08,Google Ads,Google Ads,Search | Cabinet Painting,7.92,13,1,0
2025-03-08,Google Ads,Google Ads,Search | Drywall Repair,90.4,206,15,1
2025-03-08,Google Ads,Google Ads,Search | Minor Remodeling,174.79,371,18,1
2025-03-08,Meta,Facebook Ads,Meta | Home Refresh,35.85,975,15,0
2025-03-08,Meta,Facebook Ads,Meta | Seasonal Promo,13.95,307,6,0
2025-03-08,Meta,Facebook Ads,Meta | Free Estimate,125.57,2914,63,2
2025-03-09,Google Ads,Google Ads,Search | Interior Painting,16.97,33,2,0
2025-03-09,Google Ads,Google Ads,Search | Exterior Painting,204.13,437,27,1
2025-03-09,Google Ads,Google Ads,Search | Cabinet Painting,172.44,375,28,1
2025-03-09,Google Ads,Google Ads,Search | Drywall Repair,33.03,90,6,1
2025-03-09,Google Ads,Google Ads,Search | Minor Remodeling,30.05,53,3,0
2025-03-09,Meta,Facebook Ads,Meta | Home Refresh,30.92,587,11,0
2025-03-09,Meta,Facebook Ads,Meta | Seasonal Promo,17.88,346,6,0
2025-03-09,Meta,Facebook Ads,Meta | Free Estimate,5.0,113,2,0
2025-03-10,Google Ads,Google Ads,Search | Interior Painting,150.63,344,21,2
2025-03-10,Google Ads,Google Ads,Search | Exterior Painting,193.01,422,25,2
2025-03-10,Google Ads,Google Ads,Search | Cabinet Painting,126.77,314,21,1
2025-03-10,Google Ads,Google Ads,Search | Drywall Repair,18.32,40,3,0
2025-03-10,Google Ads,Google Ads,Search | Minor Remodeling,83.39,178,9,0
2025-03-10,Meta,Facebook Ads,Meta | Home Refresh,109.56,2182,39,0
2025-03-10,Meta,Facebook Ads,Meta | Seasonal Promo,87.0,2115,42,1
2025-03-10,Meta,Facebook Ads,Meta | Free Estimate,259.08,4595,108,5
2025-03-11,Google Ads,Google Ads,Search | Interior Painting,203.83,461,27,2
2025-03-11,Google Ads,Google Ads,Search | Exterior Painting,10.26,17,1,0
2025-03-11,Google Ads,Google Ads,Search | Cabinet Painting,42.93,99,7,0
2025-03-11,Google Ads,Google Ads,Search | Drywall Repair,83.56,208,14,1
2025-03-11,Google Ads,Google Ads,Search | Minor Remodeling,198.36,347,18,1
2025-03-11,Meta,Facebook Ads,Meta | Home Refresh,26.19,427,8,0
2025-03-11,Meta,Facebook Ads,Meta | Seasonal Promo,99.47,2455,51,1
2025-03-11,Meta,Facebook Ads,Meta | Free Estimate,149.14,3434,74,2
2025-03-12,Google Ads,Google Ads,Search | Interior Painting,79.64,184,13,1
2025-03-12,Google Ads,Google Ads,Search | Exterior Painting,52.16,128,7,0
2025-03-12,Google Ads,Google Ads,Search | Cabinet Painting,172.25,350,24,1
2025-03-12,Google Ads,Google Ads,Search | Drywall Repair,204.83,510,35,2
2025-03-12,Google Ads,Google Ads,Search | Minor Remodeling,25.41,37,2,0
2025-03-12,Meta,Facebook Ads,Meta | Home Refresh,91.38,2127,30,1
2025-03-12,Meta,Facebook Ads,Meta | Seasonal Promo,196.04,4517,80,2
2025-03-12,Meta,Facebook Ads,Meta | Free Estimate,75.79,1478,30,1
2025-03-13,Google Ads,Google Ads,Search | Interior Painting,319.9,702,45,5
2025-03-13,Google Ads,Google Ads,Search | Exterior Painting,197.57,431,29,2
2025-03-13,Google Ads,Google Ads,Search | Cabinet Painting,23.1,67,4,0
2025-03-13,Google Ads,Google Ads,Search | Drywall Repair,87.64,186,13,1
2025-03-13,Google Ads,Google Ads,Search | Minor Remodeling,9.59,17,1,0
2025-03-13,Meta,Facebook Ads,Meta | Home Refresh,173.61,3333,55,4
2025-03-13,Meta,Facebook Ads,Meta | Seasonal Promo,225.49,4722,88,6
2025-03-13,Meta,Facebook Ads,Meta | Free Estimate,25.88,599,11,0
2025-03-14,Google Ads,Google Ads,Search | Interior Painting,445.98,886,62,4
2025-03-14,Google Ads,Google Ads,Search | Exterior Painting,434.26,933,58,2
2025-03-14,Google Ads,Google Ads,Search | Cabinet Painting,30.4,72,5,0
2025-03-14,Google Ads,Google Ads,Search | Drywall Repair,8.47,27,2,0
2025-03-14,Google Ads,Google Ads,Search | Minor Remodeling,137.77,297,15,1
2025-03-14,Meta,Facebook Ads,Meta | Home Refresh,29.91,592,10,0
2025-03-14,Meta,Facebook Ads,Meta | Seasonal Promo,61.46,1395,25,1
2025-03-14,Meta,Facebook Ads,Meta | Free Estimate,74.85,1900,39,1
2025-03-15,Google Ads,Google Ads,Search | Interior Painting,224.34,473,35,3
2025-03-15,Google Ads,Google Ads,Search | Exterior Painting,259.66,600,35,2
2025-03-15,Google Ads,Google Ads,Search | Cabinet Painting,102.21,228,16,1
2025-03-15,Google Ads,Google Ads,Search | Drywall Repair,41.14,152,9,0
2025-03-15,Google Ads,Google Ads,Search | Minor Remodeling,46.33,91,5,0
2025-03-15,Meta,Facebook Ads,Meta | Home Refresh,6.8,111,2,0
2025-03-15,Meta,Facebook Ads,Meta | Seasonal Promo,182.91,4662,78,2
2025-03-15,Meta,Facebook Ads,Meta | Free Estimate,95.33,2292,50,1
2025-03-16,Google Ads,Google Ads,Search | Interior Painting,94.35,266,16,1
2025-03-16,Google Ads,Google Ads,Search | Exterior Painting,171.43,317,19,2
2025-03-16,Google Ads,Google Ads,Search | Cabinet Painting,105.28,193,15,0
2025-03-16,Google Ads,Google Ads,Search | Drywall Repair,15.86,42,3,0
2025-03-16,Google Ads,Google Ads,Search | Minor Remodeling,20.21,37,2,0
2025-03-16,Meta,Facebook Ads,Meta | Home Refresh,15.59,314,5,0
2025-03-16,Meta,Facebook Ads,Meta | Seasonal Promo,68.06,1443,28,0
2025-03-16,Meta,Facebook Ads,Meta | Free Estimate,50.74,1213,26,0
2025-03-17,Google Ads,Google Ads,Search | Interior Painting,578.15,1322,86,5
2025-03-17,Google Ads,Google Ads,Search | Exterior Painting,129.86,250,17,1
2025-03-17,Google Ads,Google Ads,Search | Cabinet Painting,30.89,54,4,0
2025-03-17,Google Ads,Google Ads,Search | Drywall Repair,46.18,120,9,0
2025-03-17,Google Ads,Google Ads,Search | Minor Remodeling,16.44,41,2,0
2025-03-17,Meta,Facebook Ads,Meta | Home Refresh,37.97,618,11,0
2025-03-17,Meta,Facebook Ads,Meta | Seasonal Promo,21.34,498,10,0
2025-03-17,Meta,Facebook Ads,Meta | Free Estimate,71.21,1615,36,2
2025-03-18,Google Ads,Google Ads,Search | Interior Painting,244.07,542,36,3
2025-03-18,Google Ads,Google Ads,Search | Exterior Painting,309.73,837,47,2
2025-03-18,Google Ads,Google Ads,Search | Cabinet Painting,163.68,292,23,1
2025-03-18,Google Ads,Google Ads,Search | Drywall Repair,207.09,697,45,2
2025-03-18,Google Ads,Google Ads,Search | Minor Remodeling,30.09,54,3,0
2025-03-18,Meta,Facebook Ads,Meta | Home Refresh,9.45,159,3,0
2025-03-18,Meta,Facebook Ads,Meta | Seasonal Promo,142.15,2953,59,3
2025-03-18,Meta,Facebook Ads,Meta | Free Estimate,25.04,546,12,0
2025-03-19,Google Ads,Google Ads,Search | Interior Painting,247.9,494,32,2
2025-03-19,Google Ads,Google Ads,Search | Exterior Painting,302.11,675,36,2
2025-03-19,Google Ads,Google Ads,Search | Cabinet Painting,314.23,801,44,2
2025-03-19,Google Ads,Google Ads,Search | Drywall Repair,10.85,30,2,0
2025-03-19,Google Ads,Google Ads,Search | Minor Remodeling,122.78,247,13,1
2025-03-19,Meta,Facebook Ads,Meta | Home Refresh,29.25,562,10,0
2025-03-19,Meta,Facebook Ads,Meta | Seasonal Promo,80.24,1673,34,1
2025-03-19,Meta,Facebook Ads,Meta | Free Estimate,42.11,990,19,0
2025-03-20,Google Ads,Google Ads,Search | Interior Painting,198.25,467,27,2
2025-03-20,Google Ads,Google Ads,Search | Exterior Painting,245.99,565,33,2
2025-03-20,Google Ads,Google Ads,Search | Cabinet Painting,35.28,79,5,0
2025-03-20,Google Ads,Google Ads,Search | Drywall Repair,314.64,820,59,5
2025-03-20,Google Ads,Google Ads,Search | Minor Remodeling,61.96,96,6,0
2025-03-20,Meta,Facebook Ads,Meta | Home Refresh,63.82,1327,22,0
2025-03-20,Meta,Facebook Ads,Meta | Seasonal Promo,121.48,3120,56,2
2025-03-20,Meta,Facebook Ads,Meta | Free Estimate,123.88,2825,59,3
2025-03-21,Google Ads,Google Ads,Search | Interior Painting,292.46,504,36,4
2025-03-21,Google Ads,Google Ads,Search | Exterior Painting,149.21,300,19,2
2025-03-21,Google Ads,Google Ads,Search | Cabinet Painting,198.72,440,30,2
2025-03-21,Google Ads,Google Ads,Search | Drywall Repair,261.2,688,43,2
2025-03-21,Google Ads,Google Ads,Search | Minor Remodeling,13.56,39,2,0
2025-03-21,Meta,Facebook Ads,Meta | Home Refresh,103.32,2000,38,1
2025-03-21,Meta,Facebook Ads,Meta | Seasonal Promo,127.41,3120,56,2
2025-03-21,Meta,Facebook Ads,Meta | Free Estimate,106.66,2294,46,2
2025-03-22,Google Ads,Google Ads,Search | Interior Painting,103.22,184,14,1
2025-03-22,Google Ads,Google Ads,Search | Exterior Painting,27.34,50,3,0
2025-03-22,Google Ads,Google Ads,Search | Cabinet Painting,18.69,44,3,0
2025-03-22,Google Ads,Google Ads,Search | Drywall Repair,34.9,109,7,0
2025-03-22,Google Ads,Google Ads,Search | Minor Remodeling,282.83,615,31,1
2025-03-22,Meta,Facebook Ads,Meta | Home Refresh,184.7,3250,62,1
2025-03-22,Meta,Facebook Ads,Meta | Seasonal Promo,5.0,110,2,0
2025-03-22,Meta,Facebook Ads,Meta | Free Estimate,65.44,1623,27,0
2025-03-23,Google Ads,Google Ads,Search | Interior Painting,192.05,430,27,2
2025-03-23,Google Ads,Google Ads,Search | Exterior Painting,5.0,17,1,0
2025-03-23,Google Ads,Google Ads,Search | Cabinet Painting,10.89,30,2,0
2025-03-23,Google Ads,Google Ads,Search | Drywall Repair,104.01,255,19,1
2025-03-23,Google Ads,Google Ads,Search | Minor Remodeling,42.69,81,4,0
2025-03-23,Meta,Facebook Ads,Meta | Home Refresh,92.57,1832,30,1
2025-03-23,Meta,Facebook Ads,Meta | Seasonal Promo,122.72,2716,48,0
2025-03-23,Meta,Facebook Ads,Meta | Free Estimate,17.16,426,8,0
2025-03-24,Google Ads,Google Ads,Search | Interior Painting,778.84,1497,99,8
2025-03-24,Google Ads,Google Ads,Search | Exterior Painting,30.43,67,4,0
2025-03-24,Google Ads,Google Ads,Search | Cabinet Painting,222.61,561,35,2
2025-03-24,Google Ads,Google Ads,Search | Drywall Repair,20.66,71,4,0
2025-03-24,Google Ads,Google Ads,Search | Minor Remodeling,54.18,110,6,0
2025-03-24,Meta,Facebook Ads,Meta | Home Refresh,313.2,7141,118,3
2025-03-24,Meta,Facebook Ads,Meta | Seasonal Promo,149.01,2995,58,2
2025-03-24,Meta,Facebook Ads,Meta | Free Estimate,256.58,6512,130,4
2025-03-25,Google Ads,Google Ads,Search | Interior Painting,434.07,911,58,4
2025-03-25,Google Ads,Google Ads,Search | Exterior Painting,189.91,378,22,1
2025-03-25,Google Ads,Google Ads,Search | Cabinet Painting,163.82,378,24,1
2025-03-25,Google Ads,Google Ads,Search | Drywall Repair,5.0,15,1,0
2025-03-25,Google Ads,Google Ads,Search | Minor Remodeling,132.92,235,13,1
2025-03-25,Meta,Facebook Ads,Meta | Home Refresh,290.58,7964,119,3
2025-03-25,Meta,Facebook Ads,Meta | Seasonal Promo,82.66,1679,31,1
2025-03-25,Meta,Facebook Ads,Meta | Free Estimate,95.09,2555,50,2
2025-03-26,Google Ads,Google Ads,Search | Interior Painting,367.64,944,59,3
2025-03-26,Google Ads,Google Ads,Search | Exterior Painting,322.98,635,38,2
2025-03-26,Google Ads,Google Ads,Search | Cabinet Painting,13.12,29,2,0
2025-03-26,Google Ads,Google Ads,Search | Drywall Repair,51.07,125,9,0
2025-03-26,Google Ads,Google Ads,Search | Minor Remodeling,165.54,256,15,1
2025-03-26,Meta,Facebook Ads,Meta | Home Refresh,127.24,2663,44,2
2025-03-26,Meta,Facebook Ads,Meta | Seasonal Promo,135.53,3413,59,4
2025-03-26,Meta,Facebook Ads,Meta | Free Estimate,70.47,1925,36,2
2025-03-27,Google Ads,Google Ads,Search | Interior Painting,456.56,957,64,5
2025-03-27,Google Ads,Google Ads,Search | Exterior Painting,159.52,297,19,1
2025-03-27,Google Ads,Google Ads,Search | Cabinet Painting,268.13,764,48,2
2025-03-27,Google Ads,Google Ads,Search | Drywall Repair,239.17,586,41,2
2025-03-27,Google Ads,Google Ads,Search | Minor Remodeling,195.18,443,22,1
2025-03-27,Meta,Facebook Ads,Meta | Home Refresh,5.0,105,2,0
2025-03-27,Meta,Facebook Ads,Meta | Seasonal Promo,66.69,1614,29,1
2025-03-27,Meta,Facebook Ads,Meta | Free Estimate,66.61,1616,34,1
2025-03-28,Google Ads,Google Ads,Search | Interior Painting,229.67,451,27,3
2025-03-28,Google Ads,Google Ads,Search | Exterior Painting,472.78,1227,72,3
2025-03-28,Google Ads,Google Ads,Search | Cabinet Painting,268.52,560,37,3
2025-03-28,Google Ads,Google Ads,Search | Drywall Repair,158.42,411,29,1
2025-03-28,Google Ads,Google Ads,Search | Minor Remodeling,5.29,18,1,0
2025-03-28,Meta,Facebook Ads,Meta | Home Refresh,86.76,1800,32,1
2025-03-28,Meta,Facebook Ads,Meta | Seasonal Promo,234.8,4445,109,5
2025-03-28,Meta,Facebook Ads,Meta | Free Estimate,124.59,2813,65,2
2025-03-29,Google Ads,Google Ads,Search | Interior Painting,119.39,292,20,0
2025-03-29,Google Ads,Google Ads,Search | Exterior Painting,259.79,517,30,2
2025-03-29,Google Ads,Google Ads,Search | Cabinet Painting,142.49,347,20,2
2025-03-29,Google Ads,Google Ads,Search | Drywall Repair,108.98,292,20,1
2025-03-29,Google Ads,Google Ads,Search | Minor Remodeling,150.05,237,14,0
2025-03-29,Meta,Facebook Ads,Meta | Home Refresh,19.67,450,7,0
2025-03-29,Meta,Facebook Ads,Meta | Seasonal Promo,49.36,918,17,0
2025-03-29,Meta,Facebook Ads,Meta | Free Estimate,23.0,417,10,0
2025-03-30,Google Ads,Google Ads,Search | Interior Painting,148.1,322,21,0
2025-03-30,Google Ads,Google Ads,Search | Exterior Painting,13.23,33,2,0
2025-03-30,Google Ads,Google Ads,Search | Cabinet Painting,212.47,489,37,3
2025-03-30,Google Ads,Google Ads,Search | Drywall Repair,143.16,381,25,1
2025-03-30,Google Ads,Google Ads,Search | Minor Remodeling,28.8,56,3,0
2025-03-30,Meta,Facebook Ads,Meta | Home Refresh,66.68,1766,29,0
2025-03-30,Meta,Facebook Ads,Meta | Seasonal Promo,27.63,624,12,0
2025-03-30,Meta,Facebook Ads,Meta | Free Estimate,124.62,2509,60,1
2025-03-31,Google Ads,Google Ads,Search | Interior Painting,390.29,800,50,4
2025-03-31,Google Ads,Google Ads,Search | Exterior Painting,339.12,679,43,2
2025-03-31,Google Ads,Google Ads,Search | Cabinet Painting,141.39,320,21,1
2025-03-31,Google Ads,Google Ads,Search | Drywall Repair,67.69,190,14,1
2025-03-31,Google Ads,Google Ads,Search | Minor Remodeling,263.32,485,24,1
2025-03-31,Meta,Facebook Ads,Meta | Home Refresh,259.24,4809,89,3
2025-03-31,Meta,Facebook Ads,Meta | Seasonal Promo,116.3,2633,48,1
2025-03-31,Meta,Facebook Ads,Meta | Free Estimate,44.11,976,21,0
2025-04-01,Google Ads,Google Ads,Search | Interior Painting,285.15,652,43,2
2025-04-01,Google Ads,Google Ads,Search | Exterior Painting,518.66,1121,63,3
2025-04-01,Google Ads,Google Ads,Search | Cabinet Painting,128.16,291,20,1
2025-04-01,Google Ads,Google Ads,Search | Drywall Repair,203.69,532,36,2
2025-04-01,Google Ads,Google Ads,Search | Minor Remodeling,303.25,551,33,2
2025-04-01,Meta,Facebook Ads,Meta | Home Refresh,86.23,1576,29,1
2025-04-01,Meta,Facebook Ads,Meta | Seasonal Promo,186.99,3440,74,3
2025-04-01,Meta,Facebook Ads,Meta | Free Estimate,200.34,5209,98,2
2025-04-02,Google Ads,Google Ads,Search | Interior Painting,97.19,239,15,1
2025-04-02,Google Ads,Google Ads,Search | Exterior Painting,504.3,1237,66,4
2025-04-02,Google Ads,Google Ads,Search | Cabinet Painting,28.93,78,5,0
2025-04-02,Google Ads,Google Ads,Search | Drywall Repair,226.62,617,41,2
2025-04-02,Google Ads,Google Ads,Search | Minor Remodeling,198.68,370,18,1
2025-04-02,Meta,Facebook Ads,Meta | Home Refresh,32.5,708,12,0
2025-04-02,Meta,Facebook Ads,Meta | Seasonal Promo,203.44,4958,88,3
2025-04-02,Meta,Facebook Ads,Meta | Free Estimate,196.53,4770,103,2
2025-04-03,Google Ads,Google Ads,Search | Interior Painting,359.53,858,52,4
2025-04-03,Google Ads,Google Ads,Search | Exterior Painting,187.98,452,24,2
2025-04-03,Google Ads,Google Ads,Search | Cabinet Painting,410.88,1186,70,4
2025-04-03,Google Ads,Google Ads,Search | Drywall Repair,163.45,407,28,2
2025-04-03,Google Ads,Google Ads,Search | Minor Remodeling,30.7,60,3,0
2025-04-03,Meta,Facebook Ads,Meta | Home Refresh,24.66,537,9,0
2025-04-03,Meta,Facebook Ads,Meta | Seasonal Promo,86.02,2032,39,1
2025-04-03,Meta,Facebook Ads,Meta | Free Estimate,65.45,1357,29,1
2025-04-04,Google Ads,Google Ads,Search | Interior Painting,135.13,282,18,1
2025-04-04,Google Ads,Google Ads,Search | Exterior Painting,333.79,682,45,4
2025-04-04,Google Ads,Google Ads,Search | Cabinet Painting,316.17,641,46,3
2025-04-04,Google Ads,Google Ads,Search | Drywall Repair,167.23,429,30,2
2025-04-04,Google Ads,Google Ads,Search | Minor Remodeling,37.19,88,5,0
2025-04-04,Meta,Facebook Ads,Meta | Home Refresh,149.88,3037,55,2
2025-04-04,Meta,Facebook Ads,Meta | Seasonal Promo,164.67,3952,73,2
2025-04-04,Meta,Facebook Ads,Meta | Free Estimate,44.8,791,20,1
2025-04-05,Google Ads,Google Ads,Search | Interior Painting,379.75,785,51,4
2025-04-05,Google Ads,Google Ads,Search | Exterior Painting,8.61,16,1,0
2025-04-05,Google Ads,Google Ads,Search | Cabinet Painting,209.36,518,33,1
2025-04-05,Google Ads,Google Ads,Search | Drywall Repair,80.15,246,17,1
2025-04-05,Google Ads,Google Ads,Search | Minor Remodeling,58.61,115,6,0
2025-04-05,Meta,Facebook Ads,Meta | Home Refresh,143.56,3152,56,2
2025-04-05,Meta,Facebook Ads,Meta | Seasonal Promo,18.45,454,8,0
2025-04-05,Meta,Facebook Ads,Meta | Free Estimate,76.48,2028,43,1
2025-04-06,Google Ads,Google Ads,Search | Interior Painting,23.46,46,3,0
2025-04-06,Google Ads,Google Ads,Search | Exterior Painting,117.43,233,15,2
2025-04-06,Google Ads,Google Ads,Search | Cabinet Painting,34.6,81,5,0
2025-04-06,Google Ads,Google Ads,Search | Drywall Repair,78.33,214,14,1
2025-04-06,Google Ads,Google Ads,Search | Minor Remodeling,39.1,92,5,0
2025-04-06,Meta,Facebook Ads,Meta | Home Refresh,116.96,2084,37,1
2025-04-06,Meta,Facebook Ads,Meta | Seasonal Promo,55.67,1078,22,1
2025-04-06,Meta,Facebook Ads,Meta | Free Estimate,5.0,95,2,0
2025-04-07,Google Ads,Google Ads,Search | Interior Painting,208.19,513,33,2
2025-04-07,Google Ads,Google Ads,Search | Exterior Painting,167.34,422,24,2
2025-04-07,Google Ads,Google Ads,Search | Cabinet Painting,115.02,259,18,1
2025-04-07,Google Ads,Google Ads,Search | Drywall Repair,206.34,643,42,3
2025-04-07,Google Ads,Google Ads,Search | Minor Remodeling,6.54,16,1,0
2025-04-07,Meta,Facebook Ads,Meta | Home Refresh,61.51,1182,23,1
2025-04-07,Meta,Facebook Ads,Meta | Seasonal Promo,17.35,385,8,0
2025-04-07,Meta,Facebook Ads,Meta | Free Estimate,5.0,98,2,0
2025-04-08,Google Ads,Google Ads,Search | Interior Painting,130.8,293,20,1
2025-04-08,Google Ads,Google Ads,Search | Exterior Painting,27.65,55,3,0
2025-04-08,Google Ads,Google Ads,Search | Cabinet Painting,388.13,940,61,4
2025-04-08,Google Ads,Google Ads,Search | Drywall Repair,85.17,190,15,0
2025-04-08,Google Ads,Google Ads,Search | Minor Remodeling,248.71,473,27,2
2025-04-08,Meta,Facebook Ads,Meta | Home Refresh,369.33,6424,109,4
2025-04-08,Meta,Facebook Ads,Meta | Seasonal Promo,362.2,6626,131,7
2025-04-08,Meta,Facebook Ads,Meta | Free Estimate,108.54,2580,57,1
2025-04-09,Google Ads,Google Ads,Search | Interior Painting,123.15,201,14,1
2025-04-09,Google Ads,Google Ads,Search | Exterior Painting,267.15,568,34,3
2025-04-09,Google Ads,Google Ads,Search | Cabinet Painting,218.5,494,34,2
2025-04-09,Google Ads,Google Ads,Search | Drywall Repair,71.56,166,12,1
2025-04-09,Google Ads,Google Ads,Search | Minor Remodeling,112.75,204,11,0
2025-04-09,Meta,Facebook Ads,Meta | Home Refresh,87.26,2832,39,1
2025-04-09,Meta,Facebook Ads,Meta | Seasonal Promo,131.96,2666,55,0
2025-04-09,Meta,Facebook Ads,Meta | Free Estimate,104.95,2553,59,1
2025-04-10,Google Ads,Google Ads,Search | Interior Painting,507.24,970,65,7
2025-04-10,Google Ads,Google Ads,Search | Exterior Painting,208.41,445,31,2
2025-04-10,Google Ads,Google Ads,Search | Cabinet Painting,288.09,586,40,4
2025-04-10,Google Ads,Google Ads,Search | Drywall Repair,30.31,72,6,0
2025-04-10,Google Ads,Google Ads,Search | Minor Remodeling,7.42,18,1,0
2025-04-10,Meta,Facebook Ads,Meta | Home Refresh,66.92,1267,23,1
2025-04-10,Meta,Facebook Ads,Meta | Seasonal Promo,193.99,4198,80,3
2025-04-10,Meta,Facebook Ads,Meta | Free Estimate,94.08,2356,54,1
2025-04-11,Google Ads,Google Ads,Search | Interior Painting,19.27,47,3,0
2025-04-11,Google Ads,Google Ads,Search | Exterior Painting,247.1,536,34,2
2025-04-11,Google Ads,Google Ads,Search | Cabinet Painting,301.66,750,46,3
2025-04-11,Google Ads,Google Ads,Search | Drywall Repair,112.72,319,21,1
2025-04-11,Google Ads,Google Ads,Search | Minor Remodeling,233.79,459,24,1
2025-04-11,Meta,Facebook Ads,Meta | Home Refresh,141.02,2953,60,2
2025-04-11,Meta,Facebook Ads,Meta | Seasonal Promo,137.62,3174,63,2
2025-04-11,Meta,Facebook Ads,Meta | Free Estimate,141.73,3130,63,3
2025-04-12,Google Ads,Google Ads,Search | Interior Painting,130.38,225,16,1
2025-04-12,Google Ads,Google Ads,Search | Exterior Painting,341.18,770,39,3
2025-04-12,Google Ads,Google Ads,Search | Cabinet Painting,124.38,321,18,1
2025-04-12,Google Ads,Google Ads,Search | Drywall Repair,194.31,506,40,2
2025-04-12,Google Ads,Google Ads,Search | Minor Remodeling,113.85,206,11,0
2025-04-12,Meta,Facebook Ads,Meta | Home Refresh,5.0,138,2,0
2025-04-12,Meta,Facebook Ads,Meta | Seasonal Promo,204.48,4135,78,4
2025-04-12,Meta,Facebook Ads,Meta | Free Estimate,84.65,2198,41,1
2025-04-13,Google Ads,Google Ads,Search | Interior Painting,51.14,94,7,0
2025-04-13,Google Ads,Google Ads,Search | Exterior Painting,5.0,18,1,0
2025-04-13,Google Ads,Google Ads,Search | Cabinet Painting,164.21,367,27,1
2025-04-13,Google Ads,Google Ads,Search | Drywall Repair,73.35,161,12,1
2025-04-13,Google Ads,Google Ads,Search | Minor Remodeling,33.91,59,3,0
2025-04-13,Meta,Facebook Ads,Meta | Home Refresh,5.0,112,2,0
2025-04-13,Meta,Facebook Ads,Meta | Seasonal Promo,5.0,147,3,0
2025-04-13,Meta,Facebook Ads,Meta | Free Estimate,78.95,1780,39,1
2025-04-14,Google Ads,Google Ads,Search | Interior Painting,120.79,304,19,1
2025-04-14,Google Ads,Google Ads,Search | Exterior Painting,433.64,955,58,5
2025-04-14,Google Ads,Google Ads,Search | Cabinet Painting,147.42,334,23,2
2025-04-14,Google Ads,Google Ads,Search | Drywall Repair,112.23,288,20,1
2025-04-14,Google Ads,Google Ads,Search | Minor Remodeling,305.47,548,28,2
2025-04-14,Meta,Facebook Ads,Meta | Home Refresh,63.53,1277,22,0
2025-04-14,Meta,Facebook Ads,Meta | Seasonal Promo,150.95,3444,64,2
2025-04-14,Meta,Facebook Ads,Meta | Free Estimate,201.07,4974,102,4
2025-04-15,Google Ads,Google Ads,Search | Interior Painting,97.8,232,15,1
2025-04-15,Google Ads,Google Ads,Search | Exterior Painting,227.58,465,29,2
2025-04-15,Google Ads,Google Ads,Search | Cabinet Painting,96.35,221,16,1
2025-04-15,Google Ads,Google Ads,Search | Drywall Repair,70.58,166,12,0
2025-04-15,Google Ads,Google Ads,Search | Minor Remodeling,136.24,274,14,1
2025-04-15,Meta,Facebook Ads,Meta | Home Refresh,66.82,1607,25,1
2025-04-15,Meta,Facebook Ads,Meta | Seasonal Promo,61.49,1145,22,0
2025-04-15,Meta,Facebook Ads,Meta | Free Estimate,159.43,2766,67,3
2025-04-16,Google Ads,Google Ads,Search | Interior Painting,111.7,279,17,1
2025-04-16,Google Ads,Google Ads,Search | Exterior Painting,138.49,289,18,1
2025-04-16,Google Ads,Google Ads,Search | Cabinet Painting,15.34,42,3,0
2025-04-16,Google Ads,Google Ads,Search | Drywall Repair,80.52,247,17,1
2025-04-16,Google Ads,Google Ads,Search | Minor Remodeling,166.72,373,16,1
2025-04-16,Meta,Facebook Ads,Meta | Home Refresh,103.03,2127,38,1
2025-04-16,Meta,Facebook Ads,Meta | Seasonal Promo,128.38,3181,55,1
2025-04-16,Meta,Facebook Ads,Meta | Free Estimate,141.5,3054,61,2
2025-04-17,Google Ads,Google Ads,Search | Interior Painting,180.37,317,25,2
2025-04-17,Google Ads,Google Ads,Search | Exterior Painting,685.53,1492,87,5
2025-04-17,Google Ads,Google Ads,Search | Cabinet Painting,6.64,15,1,0
2025-04-17,Google Ads,Google Ads,Search | Drywall Repair,142.65,359,28,2
2025-04-17,Google Ads,Google Ads,Search | Minor Remodeling,95.31,228,11,0
2025-04-17,Meta,Facebook Ads,Meta | Home Refresh,195.39,3917,59,4
2025-04-17,Meta,Facebook Ads,Meta | Seasonal Promo,87.3,2379,40,1
2025-04-17,Meta,Facebook Ads,Meta | Free Estimate,110.44,2450,45,2
2025-04-18,Google Ads,Google Ads,Search | Interior Painting,410.67,868,57,4
2025-04-18,Google Ads,Google Ads,Search | Exterior Painting,23.76,47,3,0
2025-04-18,Google Ads,Google Ads,Search | Cabinet Painting,14.35,32,2,0
2025-04-18,Google Ads,Google Ads,Search | Drywall Repair,158.8,363,29,2
2025-04-18,Google Ads,Google Ads,Search | Minor Remodeling,100.06,240,13,0
2025-04-18,Meta,Facebook Ads,Meta | Home Refresh,7.51,193,3,0
2025-04-18,Meta,Facebook Ads,Meta | Seasonal Promo,208.97,4946,98,3
2025-04-18,Meta,Facebook Ads,Meta | Free Estimate,9.09,235,5,0
2025-04-19,Google Ads,Google Ads,Search | Interior Painting,178.07,347,24,1
2025-04-19,Google Ads,Google Ads,Search | Exterior Painting,423.57,751,51,2
2025-04-19,Google Ads,Google Ads,Search | Cabinet Painting,25.27,62,4,0
2025-04-19,Google Ads,Google Ads,Search | Drywall Repair,48.73,151,10,0
2025-04-19,Google Ads,Google Ads,Search | Minor Remodeling,162.17,247,15,1
2025-04-19,Meta,Facebook Ads,Meta | Home Refresh,7.95,171,3,0
2025-04-19,Meta,Facebook Ads,Meta | Seasonal Promo,137.3,3050,59,2
2025-04-19,Meta,Facebook Ads,Meta | Free Estimate,16.6,285,7,0
2025-04-20,Google Ads,Google Ads,Search | Interior Painting,71.65,143,10,1
2025-04-20,Google Ads,Google Ads,Search | Exterior Painting,16.12,28,2,0
2025-04-20,Google Ads,Google Ads,Search | Cabinet Painting,143.23,340,25,2
2025-04-20,Google Ads,Google Ads,Search | Drywall Repair,323.63,907,64,3
2025-04-20,Google Ads,Google Ads,Search | Minor Remodeling,259.43,510,29,1
2025-04-20,Meta,Facebook Ads,Meta | Home Refresh,83.12,1673,26,2
2025-04-20,Meta,Facebook Ads,Meta | Seasonal Promo,16.6,366,7,0
2025-04-20,Meta,Facebook Ads,Meta | Free Estimate,16.75,349,8,0
2025-04-21,Google Ads,Google Ads,Search | Interior Painting,314.06,754,50,3
2025-04-21,Google Ads,Google Ads,Search | Exterior Painting,117.53,262,15,1
2025-04-21,Google Ads,Google Ads,Search | Cabinet Painting,107.37,235,16,1
2025-04-21,Google Ads,Google Ads,Search | Drywall Repair,30.28,102,7,0
2025-04-21,Google Ads,Google Ads,Search | Minor Remodeling,60.22,100,5,0
2025-04-21,Meta,Facebook Ads,Meta | Home Refresh,367.05,7990,135,4
2025-04-21,Meta,Facebook Ads,Meta | Seasonal Promo,59.76,1271,26,0
2025-04-21,Meta,Facebook Ads,Meta | Free Estimate,32.39,818,16,0
2025-04-22,Google Ads,Google Ads,Search | Interior Painting,291.07,717,45,4
2025-04-22,Google Ads,Google Ads,Search | Exterior Painting,176.09,291,20,1
2025-04-22,Google Ads,Google Ads,Search | Cabinet Painting,112.52,307,20,1
2025-04-22,Google Ads,Google Ads,Search | Drywall Repair,238.83,600,43,3
2025-04-22,Google Ads,Google Ads,Search | Minor Remodeling,247.43,469,27,2
2025-04-22,Meta,Facebook Ads,Meta | Home Refresh,253.74,5170,84,3
2025-04-22,Meta,Facebook Ads,Meta | Seasonal Promo,173.75,3799,63,2
2025-04-22,Meta,Facebook Ads,Meta | Free Estimate,10.65,261,5,0
2025-04-23,Google Ads,Google Ads,Search | Interior Painting,11.27,17,1,0
2025-04-23,Google Ads,Google Ads,Search | Exterior Painting,343.7,723,42,2
2025-04-23,Google Ads,Google Ads,Search | Cabinet Painting,162.68,371,23,1
2025-04-23,Google Ads,Google Ads,Search | Drywall Repair,146.49,365,26,2
2025-04-23,Google Ads,Google Ads,Search | Minor Remodeling,5.0,20,1,0
2025-04-23,Meta,Facebook Ads,Meta | Home Refresh,108.44,2345,41,1
2025-04-23,Meta,Facebook Ads,Meta | Seasonal Promo,88.84,1858,31,0
2025-04-23,Meta,Facebook Ads,Meta | Free Estimate,86.87,1566,38,2
2025-04-24,Google Ads,Google Ads,Search | Interior Painting,110.48,237,15,1
2025-04-24,Google Ads,Google Ads,Search | Exterior Painting,186.82,416,27,1
2025-04-24,Google Ads,Google Ads,Search | Cabinet Painting,177.39,330,25,2
2025-04-24,Google Ads,Google Ads,Search | Drywall Repair,171.17,436,30,2
2025-04-24,Google Ads,Google Ads,Search | Minor Remodeling,307.65,572,29,2
2025-04-24,Meta,Facebook Ads,Meta | Home Refresh,91.28,2053,37,0
2025-04-24,Meta,Facebook Ads,Meta | Seasonal Promo,118.06,2292,47,1
2025-04-24,Meta,Facebook Ads,Meta | Free Estimate,163.12,4349,90,2
2025-04-25,Google Ads,Google Ads,Search | Interior Painting,381.26,759,46,4
2025-04-25,Google Ads,Google Ads,Search | Exterior Painting,250.86,548,35,2
2025-04-25,Google Ads,Google Ads,Search | Cabinet Painting,137.61,292,20,2
2025-04-25,Google Ads,Google Ads,Search | Drywall Repair,5.0,13,1,0
2025-04-25,Google Ads,Google Ads,Search | Minor Remodeling,33.99,82,4,0
2025-04-25,Meta,Facebook Ads,Meta | Home Refresh,6.39,181,3,0
2025-04-25,Meta,Facebook Ads,Meta | Seasonal Promo,15.85,272,6,0
2025-04-25,Meta,Facebook Ads,Meta | Free Estimate,89.06,1747,39,1
2025-04-26,Google Ads,Google Ads,Search | Interior Painting,387.64,843,56,2
2025-04-26,Google Ads,Google Ads,Search | Exterior Painting,5.0,15,1,0
2025-04-26,Google Ads,Google Ads,Search | Cabinet Painting,46.27,114,8,0
2025-04-26,Google Ads,Google Ads,Search | Drywall Repair,52.48,150,11,0
2025-04-26,Google Ads,Google Ads,Search | Minor Remodeling,65.37,133,7,0
2025-04-26,Meta,Facebook Ads,Meta | Home Refresh,40.65,826,14,0
2025-04-26,Meta,Facebook Ads,Meta | Seasonal Promo,34.29,747,15,0
2025-04-26,Meta,Facebook Ads,Meta | Free Estimate,107.07,2325,54,1
2025-04-27,Google Ads,Google Ads,Search | Interior Painting,170.35,467,27,1
2025-04-27,Google Ads,Google Ads,Search | Exterior Painting,168.3,416,25,1
2025-04-27,Google Ads,Google Ads,Search | Cabinet Painting,15.27,32,2,0
2025-04-27,Google Ads,Google Ads,Search | Drywall Repair,10.98,33,2,0
2025-04-27,Google Ads,Google Ads,Search | Minor Remodeling,70.1,140,8,0
2025-04-27,Meta,Facebook Ads,Meta | Home Refresh,6.52,152,3,0
2025-04-27,Meta,Facebook Ads,Meta | Seasonal Promo,66.96,1423,26,1
2025-04-27,Meta,Facebook Ads,Meta | Free Estimate,32.88,850,18,0
2025-04-28,Google Ads,Google Ads,Search | Interior Painting,234.93,505,30,2
2025-04-28,Google Ads,Google Ads,Search | Exterior Painting,270.49,486,30,2
2025-04-28,Google Ads,Google Ads,Search | Cabinet Painting,184.2,539,31,2
2025-04-28,Google Ads,Google Ads,Search | Drywall Repair,130.21,342,25,1
2025-04-28,Google Ads,Google Ads,Search | Minor Remodeling,10.09,18,1,0
2025-04-28,Meta,Facebook Ads,Meta | Home Refresh,25.66,421,8,0
2025-04-28,Meta,Facebook Ads,Meta | Seasonal Promo,383.74,9746,172,1
2025-04-28,Meta,Facebook Ads,Meta | Free Estimate,51.51,1149,23,1
2025-04-29,Google Ads,Google Ads,Search | Interior Painting,12.77,31,2,0
2025-04-29,Google Ads,Google Ads,Search | Exterior Painting,382.54,702,40,3
2025-04-29,Google Ads,Google Ads,Search | Cabinet Painting,179.41,449,27,2
2025-04-29,Google Ads,Google Ads,Search | Drywall Repair,19.49,54,4,0
2025-04-29,Google Ads,Google Ads,Search | Minor Remodeling,113.06,271,14,1
2025-04-29,Meta,Facebook Ads,Meta | Home Refresh,66.33,1447,25,1
2025-04-29,Meta,Facebook Ads,Meta | Seasonal Promo,5.0,105,2,0
2025-04-29,Meta,Facebook Ads,Meta | Free Estimate,124.5,3050,62,2
2025-04-30,Google Ads,Google Ads,Search | Interior Painting,179.99,384,23,2
2025-04-30,Google Ads,Google Ads,Search | Exterior Painting,295.33,614,38,2
2025-04-30,Google Ads,Google Ads,Search | Cabinet Painting,114.2,291,19,1
2025-04-30,Google Ads,Google Ads,Search | Drywall Repair,92.1,202,15,1
2025-04-30,Google Ads,Google Ads,Search | Minor Remodeling,163.16,269,17,1
2025-04-30,Meta,Facebook Ads,Meta | Home Refresh,153.62,2531,45,4
2025-04-30,Meta,Facebook Ads,Meta | Seasonal Promo,64.28,1381,27,1
2025-04-30,Meta,Facebook Ads,Meta | Free Estimate,92.62,2888,52,1
2025-05-01,Google Ads,Google Ads,Search | Interior Painting,176.02,432,27,2
2025-05-01,Google Ads,Google Ads,Search | Exterior Painting,414.18,935,57,3
2025-05-01,Google Ads,Google Ads,Search | Cabinet Painting,32.6,70,5,0
2025-05-01,Google Ads,Google Ads,Search | Drywall Repair,169.83,338,29,3
2025-05-01,Google Ads,Google Ads,Search | Minor Remodeling,168.73,307,17,1
2025-05-01,Meta,Facebook Ads,Meta | Home Refresh,81.13,2086,33,0
2025-05-01,Meta,Facebook Ads,Meta | Seasonal Promo,314.0,6299,126,3
2025-05-01,Meta,Facebook Ads,Meta | Free Estimate,65.83,1325,26,1
2025-05-02,Google Ads,Google Ads,Search | Interior Painting,178.4,432,29,2
2025-05-02,Google Ads,Google Ads,Search | Exterior Painting,410.56,851,47,4
2025-05-02,Google Ads,Google Ads,Search | Cabinet Painting,9.82,31,2,0
2025-05-02,Google Ads,Google Ads,Search | Drywall Repair,71.81,206,14,1
2025-05-02,Google Ads,Google Ads,Search | Minor Remodeling,221.59,429,23,1
2025-05-02,Meta,Facebook Ads,Meta | Home Refresh,162.62,3532,62,2
2025-05-02,Meta,Facebook Ads,Meta | Seasonal Promo,5.0,117,2,0
2025-05-02,Meta,Facebook Ads,Meta | Free Estimate,144.54,2966,66,2
2025-05-03,Google Ads,Google Ads,Search | Interior Painting,235.46,492,33,2
2025-05-03,Google Ads,Google Ads,Search | Exterior Painting,153.04,316,18,2
2025-05-03,Google Ads,Google Ads,Search | Cabinet Painting,203.54,430,28,2
2025-05-03,Google Ads,Google Ads,Search | Drywall Repair,105.79,278,21,1
2025-05-03,Google Ads,Google Ads,Search | Minor Remodeling,258.49,517,26,1
2025-05-03,Meta,Facebook Ads,Meta | Home Refresh,165.44,3221,54,2
2025-05-03,Meta,Facebook Ads,Meta | Seasonal Promo,391.64,8703,153,8
2025-05-03,Meta,Facebook Ads,Meta | Free Estimate,77.28,1536,34,1
2025-05-04,Google Ads,Google Ads,Search | Interior Painting,13.73,32,2,0
2025-05-04,Google Ads,Google Ads,Search | Exterior Painting,136.71,229,16,1
2025-05-04,Google Ads,Google Ads,Search | Cabinet Painting,121.6,267,18,1
2025-05-04,Google Ads,Google Ads,Search | Drywall Repair,149.25,365,29,1
2025-05-04,Google Ads,Google Ads,Search | Minor Remodeling,5.0,21,1,0
2025-05-04,Meta,Facebook Ads,Meta | Home Refresh,32.32,691,12,0
2025-05-04,Meta,Facebook Ads,Meta | Seasonal Promo,5.0,91,2,0
2025-05-04,Meta,Facebook Ads,Meta | Free Estimate,45.9,1253,27,0
2025-05-05,Google Ads,Google Ads,Search | Interior Painting,382.8,801,59,3
2025-05-05,Google Ads,Google Ads,Search | Exterior Painting,31.79,62,4,0
2025-05-05,Google Ads,Google Ads,Search | Cabinet Painting,88.4,156,11,1
2025-05-05,Google Ads,Google Ads,Search | Drywall Repair,36.47,90,6,0
2025-05-05,Google Ads,Google Ads,Search | Minor Remodeling,67.04,105,7,0
2025-05-05,Meta,Facebook Ads,Meta | Home Refresh,75.69,1487,25,1
2025-05-05,Meta,Facebook Ads,Meta | Seasonal Promo,146.04,3447,65,2
2025-05-05,Meta,Facebook Ads,Meta | Free Estimate,29.49,821,18,0
2025-05-06,Google Ads,Google Ads,Search | Interior Painting,449.56,1016,70,4
2025-05-06,Google Ads,Google Ads,Search | Exterior Painting,337.9,598,46,2
2025-05-06,Google Ads,Google Ads,Search | Cabinet Painting,148.91,371,23,1
2025-05-06,Google Ads,Google Ads,Search | Drywall Repair,137.35,334,23,2
2025-05-06,Google Ads,Google Ads,Search | Minor Remodeling,140.63,271,14,1
2025-05-06,Meta,Facebook Ads,Meta | Home Refresh,56.89,1256,22,2
2025-05-06,Meta,Facebook Ads,Meta | Seasonal Promo,106.21,2154,42,1
2025-05-06,Meta,Facebook Ads,Meta | Free Estimate,48.06,1409,28,2
2025-05-07,Google Ads,Google Ads,Search | Interior Painting,369.29,672,46,4
2025-05-07,Google Ads,Google Ads,Search | Exterior Painting,445.37,1048,55,3
2025-05-07,Google Ads,Google Ads,Search | Cabinet Painting,193.48,480,30,2
2025-05-07,Google Ads,Google Ads,Search | Drywall Repair,292.91,863,58,3
2025-05-07,Google Ads,Google Ads,Search | Minor Remodeling,136.07,230,12,0
2025-05-07,Meta,Facebook Ads,Meta | Home Refresh,5.0,107,2,0
2025-05-07,Meta,Facebook Ads,Meta | Seasonal Promo,215.13,5583,99,3
2025-05-07,Meta,Facebook Ads,Meta | Free Estimate,164.34,4581,85,3
2025-05-08,Google Ads,Google Ads,Search | Interior Painting,625.2,1288,97,5
2025-05-08,Google Ads,Google Ads,Search | Exterior Painting,781.16,1788,114,5
2025-05-08,Google Ads,Google Ads,Search | Cabinet Painting,473.28,1104,66,4
2025-05-08,Google Ads,Google Ads,Search | Drywall Repair,85.6,220,15,1
2025-05-08,Google Ads,Google Ads,Search | Minor Remodeling,33.52,79,4,0
2025-05-08,Meta,Facebook Ads,Meta | Home Refresh,189.79,4239,66,2
2025-05-08,Meta,Facebook Ads,Meta | Seasonal Promo,19.1,396,8,0
2025-05-08,Meta,Facebook Ads,Meta | Free Estimate,123.92,2824,61,1
2025-05-09,Google Ads,Google Ads,Search | Interior Painting,139.65,315,20,1
2025-05-09,Google Ads,Google Ads,Search | Exterior Painting,149.84,301,18,1
2025-05-09,Google Ads,Google Ads,Search | Cabinet Painting,107.87,226,15,1
2025-05-09,Google Ads,Google Ads,Search | Drywall Repair,102.7,303,21,1
2025-05-09,Google Ads,Google Ads,Search | Minor Remodeling,218.45,366,22,1
2025-05-09,Meta,Facebook Ads,Meta | Home Refresh,8.21,171,3,0
2025-05-09,Meta,Facebook Ads,Meta | Seasonal Promo,58.1,1231,25,1
2025-05-09,Meta,Facebook Ads,Meta | Free Estimate,23.06,550,11,0
2025-05-10,Google Ads,Google Ads,Search | Interior Painting,241.6,494,32,3
2025-05-10,Google Ads,Google Ads,Search | Exterior Painting,293.42,531,39,2
2025-05-10,Google Ads,Google Ads,Search | Cabinet Painting,45.21,84,6,0
2025-05-10,Google Ads,Google Ads,Search | Drywall Repair,97.13,294,19,1
2025-05-10,Google Ads,Google Ads,Search | Minor Remodeling,162.47,410,21,1
2025-05-10,Meta,Facebook Ads,Meta | Home Refresh,147.29,2689,51,2
2025-05-10,Meta,Facebook Ads,Meta | Seasonal Promo,6.41,144,3,0
2025-05-10,Meta,Facebook Ads,Meta | Free Estimate,53.69,1196,22,1
2025-05-11,Google Ads,Google Ads,Search | Interior Painting,24.64,43,3,0
2025-05-11,Google Ads,Google Ads,Search | Exterior Painting,276.67,514,29,3
2025-05-11,Google Ads,Google Ads,Search | Cabinet Painting,95.23,216,14,1
2025-05-11,Google Ads,Google Ads,Search | Drywall Repair,24.57,76,5,0
2025-05-11,Google Ads,Google Ads,Search | Minor Remodeling,516.61,752,44,4
2025-05-11,Meta,Facebook Ads,Meta | Home Refresh,97.41,2566,43,2
2025-05-11,Meta,Facebook Ads,Meta | Seasonal Promo,74.07,1616,30,1
2025-05-11,Meta,Facebook Ads,Meta | Free Estimate,178.2,3780,82,2
2025-05-12,Google Ads,Google Ads,Search | Interior Painting,445.55,997,64,5
2025-05-12,Google Ads,Google Ads,Search | Exterior Painting,202.08,429,27,1
2025-05-12,Google Ads,Google Ads,Search | Cabinet Painting,226.55,579,41,2
2025-05-12,Google Ads,Google Ads,Search | Drywall Repair,108.49,291,22,1
2025-05-12,Google Ads,Google Ads,Search | Minor Remodeling,258.49,551,28,2
2025-05-12,Meta,Facebook Ads,Meta | Home Refresh,239.0,6513,95,2
2025-05-12,Meta,Facebook Ads,Meta | Seasonal Promo,121.65,2437,45,1
2025-05-12,Meta,Facebook Ads,Meta | Free Estimate,5.0,91,2,0
2025-05-13,Google Ads,Google Ads,Search | Interior Painting,472.43,1053,65,4
2025-05-13,Google Ads,Google Ads,Search | Exterior Painting,433.76,1048,60,3
2025-05-13,Google Ads,Google Ads,Search | Cabinet Painting,60.86,156,9,0
2025-05-13,Google Ads,Google Ads,Search | Drywall Repair,5.0,15,1,0
2025-05-13,Google Ads,Google Ads,Search | Minor Remodeling,242.63,399,23,2
2025-05-13,Meta,Facebook Ads,Meta | Home Refresh,81.63,1624,30,1
2025-05-13,Meta,Facebook Ads,Meta | Seasonal Promo,328.49,7865,159,4
2025-05-13,Meta,Facebook Ads,Meta | Free Estimate,94.29,2605,51,2
2025-05-14,Google Ads,Google Ads,Search | Interior Painting,120.87,333,20,1
2025-05-14,Google Ads,Google Ads,Search | Exterior Painting,388.97,733,47,3
2025-05-14,Google Ads,Google Ads,Search | Cabinet Painting,18.64,49,3,0
2025-05-14,Google Ads,Google Ads,Search | Drywall Repair,80.96,197,14,1
2025-05-14,Google Ads,Google Ads,Search | Minor Remodeling,452.13,900,53,3
2025-05-14,Meta,Facebook Ads,Meta | Home Refresh,145.08,2801,44,4
2025-05-14,Meta,Facebook Ads,Meta | Seasonal Promo,216.23,4424,95,4
2025-05-14,Meta,Facebook Ads,Meta | Free Estimate,156.43,3518,70,2
2025-05-15,Google Ads,Google Ads,Search | Interior Painting,63.02,140,10,0
2025-05-15,Google Ads,Google Ads,Search | Exterior Painting,477.05,1082,59,3
2025-05-15,Google Ads,Google Ads,Search | Cabinet Painting,245.69,552,35,2
2025-05-15,Google Ads,Google Ads,Search | Drywall Repair,102.08,225,18,1
2025-05-15,Google Ads,Google Ads,Search | Minor Remodeling,482.05,823,47,3
2025-05-15,Meta,Facebook Ads,Meta | Home Refresh,86.22,2288,39,1
2025-05-15,Meta,Facebook Ads,Meta | Seasonal Promo,49.89,1208,22,0
2025-05-15,Meta,Facebook Ads,Meta | Free Estimate,90.86,2306,50,1
2025-05-16,Google Ads,Google Ads,Search | Interior Painting,21.65,49,3,0
2025-05-16,Google Ads,Google Ads,Search | Exterior Painting,614.37,1495,79,5
2025-05-16,Google Ads,Google Ads,Search | Cabinet Painting,356.79,791,52,3
2025-05-16,Google Ads,Google Ads,Search | Drywall Repair,167.14,509,34,2
2025-05-16,Google Ads,Google Ads,Search | Minor Remodeling,41.14,76,4,0
2025-05-16,Meta,Facebook Ads,Meta | Home Refresh,10.96,230,4,0
2025-05-16,Meta,Facebook Ads,Meta | Seasonal Promo,86.57,2197,40,1
2025-05-16,Meta,Facebook Ads,Meta | Free Estimate,82.95,2083,40,1
2025-05-17,Google Ads,Google Ads,Search | Interior Painting,155.94,346,23,2
2025-05-17,Google Ads,Google Ads,Search | Exterior Painting,623.09,1090,76,6
2025-05-17,Google Ads,Google Ads,Search | Cabinet Painting,78.99,146,11,1
2025-05-17,Google Ads,Google Ads,Search | Drywall Repair,48.99,140,9,0
2025-05-17,Google Ads,Google Ads,Search | Minor Remodeling,125.59,220,12,1
2025-05-17,Meta,Facebook Ads,Meta | Home Refresh,71.21,1464,24,1
2025-05-17,Meta,Facebook Ads,Meta | Seasonal Promo,35.75,626,13,0
2025-05-17,Meta,Facebook Ads,Meta | Free Estimate,80.9,1884,41,1
2025-05-18,Google Ads,Google Ads,Search | Interior Painting,82.6,211,13,0
2025-05-18,Google Ads,Google Ads,Search | Exterior Painting,168.57,376,22,1
2025-05-18,Google Ads,Google Ads,Search | Cabinet Painting,117.84,277,21,1
2025-05-18,Google Ads,Google Ads,Search | Drywall Repair,43.91,93,7,0
2025-05-18,Google Ads,Google Ads,Search | Minor Remodeling,109.04,200,11,0
2025-05-18,Meta,Facebook Ads,Meta | Home Refresh,80.36,1346,24,2
2025-05-18,Meta,Facebook Ads,Meta | Seasonal Promo,68.13,1722,30,1
2025-05-18,Meta,Facebook Ads,Meta | Free Estimate,284.19,7076,161,5
2025-05-19,Google Ads,Google Ads,Search | Interior Painting,192.96,450,28,2
2025-05-19,Google Ads,Google Ads,Search | Exterior Painting,20.09,51,3,0
2025-05-19,Google Ads,Google Ads,Search | Cabinet Painting,241.17,632,41,3
2025-05-19,Google Ads,Google Ads,Search | Drywall Repair,304.3,1115,75,2
2025-05-19,Google Ads,Google Ads,Search | Minor Remodeling,346.78,754,35,3
2025-05-19,Meta,Facebook Ads,Meta | Home Refresh,62.75,1266,23,2
2025-05-19,Meta,Facebook Ads,Meta | Seasonal Promo,142.44,2968,47,2
2025-05-19,Meta,Facebook Ads,Meta | Free Estimate,109.58,1760,42,2
2025-05-20,Google Ads,Google Ads,Search | Interior Painting,223.04,519,31,2
2025-05-20,Google Ads,Google Ads,Search | Exterior Painting,64.53,127,8,0
2025-05-20,Google Ads,Google Ads,Search | Cabinet Painting,359.97,752,50,2
2025-05-20,Google Ads,Google Ads,Search | Drywall Repair,253.45,753,53,2
2025-05-20,Google Ads,Google Ads,Search | Minor Remodeling,525.59,891,52,4
2025-05-20,Meta,Facebook Ads,Meta | Home Refresh,403.46,8430,141,4
2025-05-20,Meta,Facebook Ads,Meta | Seasonal Promo,88.27,1725,38,1
2025-05-20,Meta,Facebook Ads,Meta | Free Estimate,189.48,4326,89,3
2025-05-21,Google Ads,Google Ads,Search | Interior Painting,118.15,230,15,1
2025-05-21,Google Ads,Google Ads,Search | Exterior Painting,14.09,34,2,0
2025-05-21,Google Ads,Google Ads,Search | Cabinet Painting,14.55,31,2,0
2025-05-21,Google Ads,Google Ads,Search | Drywall Repair,5.0,16,1,0
2025-05-21,Google Ads,Google Ads,Search | Minor Remodeling,443.88,1049,55,3
2025-05-21,Meta,Facebook Ads,Meta | Home Refresh,6.86,134,2,0
2025-05-21,Meta,Facebook Ads,Meta | Seasonal Promo,157.46,3268,61,3
2025-05-21,Meta,Facebook Ads,Meta | Free Estimate,70.59,1914,37,1
2025-05-22,Google Ads,Google Ads,Search | Interior Painting,236.25,486,33,2
2025-05-22,Google Ads,Google Ads,Search | Exterior Painting,103.44,204,12,1
2025-05-22,Google Ads,Google Ads,Search | Cabinet Painting,22.4,42,3,0
2025-05-22,Google Ads,Google Ads,Search | Drywall Repair,112.94,319,21,1
2025-05-22,Google Ads,Google Ads,Search | Minor Remodeling,100.05,187,10,0
2025-05-22,Meta,Facebook Ads,Meta | Home Refresh,21.39,554,8,0
2025-05-22,Meta,Facebook Ads,Meta | Seasonal Promo,84.08,1729,35,1
2025-05-22,Meta,Facebook Ads,Meta | Free Estimate,179.0,4636,92,2
2025-05-23,Google Ads,Google Ads,Search | Interior Painting,124.69,262,17,1
2025-05-23,Google Ads,Google Ads,Search | Exterior Painting,49.89,100,7,0
2025-05-23,Google Ads,Google Ads,Search | Cabinet Painting,241.7,512,37,2
2025-05-23,Google Ads,Google Ads,Search | Drywall Repair,132.06,295,24,2
2025-05-23,Google Ads,Google Ads,Search | Minor Remodeling,149.26,256,15,1
2025-05-23,Meta,Facebook Ads,Meta | Home Refresh,14.99,406,6,0
2025-05-23,Meta,Facebook Ads,Meta | Seasonal Promo,44.43,1073,22,0
2025-05-23,Meta,Facebook Ads,Meta | Free Estimate,186.04,4319,93,5
2025-05-24,Google Ads,Google Ads,Search | Interior Painting,96.78,218,15,1
2025-05-24,Google Ads,Google Ads,Search | Exterior Painting,134.29,249,16,1
2025-05-24,Google Ads,Google Ads,Search | Cabinet Painting,100.78,243,15,1
2025-05-24,Google Ads,Google Ads,Search | Drywall Repair,17.28,38,3,0
2025-05-24,Google Ads,Google Ads,Search | Minor Remodeling,172.59,318,17,1
2025-05-24,Meta,Facebook Ads,Meta | Home Refresh,5.51,116,2,0
2025-05-24,Meta,Facebook Ads,Meta | Seasonal Promo,33.1,753,13,0
2025-05-24,Meta,Facebook Ads,Meta | Free Estimate,287.2,6060,139,3
2025-05-25,Google Ads,Google Ads,Search | Interior Painting,66.82,151,10,0
2025-05-25,Google Ads,Google Ads,Search | Exterior Painting,138.29,339,19,1
2025-05-25,Google Ads,Google Ads,Search | Cabinet Painting,21.4,47,3,0
2025-05-25,Google Ads,Google Ads,Search | Drywall Repair,220.1,582,39,1
2025-05-25,Google Ads,Google Ads,Search | Minor Remodeling,285.16,509,31,1
2025-05-25,Meta,Facebook Ads,Meta | Home Refresh,103.85,2151,34,1
2025-05-25,Meta,Facebook Ads,Meta | Seasonal Promo,19.54,471,9,0
2025-05-25,Meta,Facebook Ads,Meta | Free Estimate,104.48,3139,60,2
2025-05-26,Google Ads,Google Ads,Search | Interior Painting,105.19,211,14,1
2025-05-26,Google Ads,Google Ads,Search | Exterior Painting,299.84,632,40,2
2025-05-26,Google Ads,Google Ads,Search | Cabinet Painting,102.5,277,19,1
2025-05-26,Google Ads,Google Ads,Search | Drywall Repair,185.17,493,34,2
2025-05-26,Google Ads,Google Ads,Search | Minor Remodeling,127.61,281,15,1
2025-05-26,Meta,Facebook Ads,Meta | Home Refresh,167.56,4260,71,2
2025-05-26,Meta,Facebook Ads,Meta | Seasonal Promo,171.23,5329,93,2
2025-05-26,Meta,Facebook Ads,Meta | Free Estimate,170.84,5250,96,4
2025-05-27,Google Ads,Google Ads,Search | Interior Painting,181.45,357,24,1
2025-05-27,Google Ads,Google Ads,Search | Exterior Painting,182.94,347,22,1
2025-05-27,Google Ads,Google Ads,Search | Cabinet Painting,431.26,941,61,4
2025-05-27,Google Ads,Google Ads,Search | Drywall Repair,21.54,59,4,0
2025-05-27,Google Ads,Google Ads,Search | Minor Remodeling,59.79,118,7,0
2025-05-27,Meta,Facebook Ads,Meta | Home Refresh,227.32,4490,79,3
2025-05-27,Meta,Facebook Ads,Meta | Seasonal Promo,23.29,398,7,0
2025-05-27,Meta,Facebook Ads,Meta | Free Estimate,107.17,2926,53,3
2025-05-28,Google Ads,Google Ads,Search | Interior Painting,289.88,742,45,4
2025-05-28,Google Ads,Google Ads,Search | Exterior Painting,756.54,1556,96,5
2025-05-28,Google Ads,Google Ads,Search | Cabinet Painting,125.89,335,23,1
2025-05-28,Google Ads,Google Ads,Search | Drywall Repair,5.0,14,1,0
2025-05-28,Google Ads,Google Ads,Search | Minor Remodeling,302.92,672,35,2
2025-05-28,Meta,Facebook Ads,Meta | Home Refresh,167.56,2854,48,2
2025-05-28,Meta,Facebook Ads,Meta | Seasonal Promo,60.61,1268,26,1
2025-05-28,Meta,Facebook Ads,Meta | Free Estimate,103.1,2333,51,2
2025-05-29,Google Ads,Google Ads,Search | Interior Painting,170.33,392,26,2
2025-05-29,Google Ads,Google Ads,Search | Exterior Painting,660.11,1484,87,5
2025-05-29,Google Ads,Google Ads,Search | Cabinet Painting,353.14,936,60,5
2025-05-29,Google Ads,Google Ads,Search | Drywall Repair,9.48,31,2,0
2025-05-29,Google Ads,Google Ads,Search | Minor Remodeling,5.0,16,1,0
2025-05-29,Meta,Facebook Ads,Meta | Home Refresh,113.32,2142,38,1
2025-05-29,Meta,Facebook Ads,Meta | Seasonal Promo,215.5,4989,89,3
2025-05-29,Meta,Facebook Ads,Meta | Free Estimate,81.45,2030,41,1
2025-05-30,Google Ads,Google Ads,Search | Interior Painting,119.68,287,17,1
2025-05-30,Google Ads,Google Ads,Search | Exterior Painting,344.15,649,38,2
2025-05-30,Google Ads,Google Ads,Search | Cabinet Painting,18.06,45,3,0
2025-05-30,Google Ads,Google Ads,Search | Drywall Repair,297.27,818,65,4
2025-05-30,Google Ads,Google Ads,Search | Minor Remodeling,427.71,1142,52,2
2025-05-30,Meta,Facebook Ads,Meta | Home Refresh,32.23,815,14,0
2025-05-30,Meta,Facebook Ads,Meta | Seasonal Promo,74.78,1631,29,1
2025-05-30,Meta,Facebook Ads,Meta | Free Estimate,22.81,461,10,0
2025-05-31,Google Ads,Google Ads,Search | Interior Painting,38.83,74,6,0
2025-05-31,Google Ads,Google Ads,Search | Exterior Painting,319.79,605,33,3
2025-05-31,Google Ads,Google Ads,Search | Cabinet Painting,471.07,1144,79,3
2025-05-31,Google Ads,Google Ads,Search | Drywall Repair,46.25,128,9,0
2025-05-31,Google Ads,Google Ads,Search | Minor Remodeling,10.47,20,1,0
2025-05-31,Meta,Facebook Ads,Meta | Home Refresh,42.88,854,14,0
2025-05-31,Meta,Facebook Ads,Meta | Seasonal Promo,67.66,1487,30,2
2025-05-31,Meta,Facebook Ads,Meta | Free Estimate,115.52,2405,55,2
2025-06-01,Google Ads,Google Ads,Search | Interior Painting,245.85,600,34,2
2025-06-01,Google Ads,Google Ads,Search | Exterior Painting,13.52,33,2,0
2025-06-01,Google Ads,Google Ads,Search | Cabinet Painting,212.5,548,36,2
2025-06-01,Google Ads,Google Ads,Search | Drywall Repair,44.44,119,9,0
2025-06-01,Google Ads,Google Ads,Search | Minor Remodeling,222.41,445,25,1
2025-06-01,Meta,Facebook Ads,Meta | Home Refresh,65.51,1507,22,1
2025-06-01,Meta,Facebook Ads,Meta | Seasonal Promo,14.78,407,8,0
2025-06-01,Meta,Facebook Ads,Meta | Free Estimate,169.45,3669,81,3
2025-06-02,Google Ads,Google Ads,Search | Interior Painting,507.54,1090,77,4
2025-06-02,Google Ads,Google Ads,Search | Exterior Painting,162.25,250,16,1
2025-06-02,Google Ads,Google Ads,Search | Cabinet Painting,32.53,71,5,0
2025-06-02,Google Ads,Google Ads,Search | Drywall Repair,14.4,45,3,0
2025-06-02,Google Ads,Google Ads,Search | Minor Remodeling,407.21,923,45,2
2025-06-02,Meta,Facebook Ads,Meta | Home Refresh,187.0,4185,66,2
2025-06-02,Meta,Facebook Ads,Meta | Seasonal Promo,86.75,2349,45,1
2025-06-02,Meta,Facebook Ads,Meta | Free Estimate,70.61,1396,31,1
2025-06-03,Google Ads,Google Ads,Search | Interior Painting,207.7,568,36,2
2025-06-03,Google Ads,Google Ads,Search | Exterior Painting,493.8,1196,76,3
2025-06-03,Google Ads,Google Ads,Search | Cabinet Painting,162.78,392,27,1
2025-06-03,Google Ads,Google Ads,Search | Drywall Repair,288.48,795,54,3
2025-06-03,Google Ads,Google Ads,Search | Minor Remodeling,612.05,1506,73,3
2025-06-03,Meta,Facebook Ads,Meta | Home Refresh,152.74,3145,52,2
2025-06-03,Meta,Facebook Ads,Meta | Seasonal Promo,75.66,1790,31,1
2025-06-03,Meta,Facebook Ads,Meta | Free Estimate,5.0,95,2,0
2025-06-04,Google Ads,Google Ads,Search | Interior Painting,184.69,430,27,3
2025-06-04,Google Ads,Google Ads,Search | Exterior Painting,228.0,465,26,2
2025-06-04,Google Ads,Google Ads,Search | Cabinet Painting,239.88,560,39,2
2025-06-04,Google Ads,Google Ads,Search | Drywall Repair,208.52,578,37,2
2025-06-04,Google Ads,Google Ads,Search | Minor Remodeling,170.37,318,16,1
2025-06-04,Meta,Facebook Ads,Meta | Home Refresh,86.6,2017,35,0
2025-06-04,Meta,Facebook Ads,Meta | Seasonal Promo,20.49,438,8,0
2025-06-04,Meta,Facebook Ads,Meta | Free Estimate,94.7,2533,51,1
2025-06-05,Google Ads,Google Ads,Search | Interior Painting,431.03,1094,69,3
2025-06-05,Google Ads,Google Ads,Search | Exterior Painting,264.07,613,35,3
2025-06-05,Google Ads,Google Ads,Search | Cabinet Painting,9.59,14,1,0
2025-06-05,Google Ads,Google Ads,Search | Drywall Repair,106.41,250,18,1
2025-06-05,Google Ads,Google Ads,Search | Minor Remodeling,183.44,304,18,1
2025-06-05,Meta,Facebook Ads,Meta | Home Refresh,149.36,3818,57,1
2025-06-05,Meta,Facebook Ads,Meta | Seasonal Promo,57.99,1421,28,1
2025-06-05,Meta,Facebook Ads,Meta | Free Estimate,152.76,3316,83,2
2025-06-06,Google Ads,Google Ads,Search | Interior Painting,158.04,412,25,1
2025-06-06,Google Ads,Google Ads,Search | Exterior Painting,137.9,299,16,1
2025-06-06,Google Ads,Google Ads,Search | Cabinet Painting,118.09,293,19,1
2025-06-06,Google Ads,Google Ads,Search | Drywall Repair,208.73,543,38,3
2025-06-06,Google Ads,Google Ads,Search | Minor Remodeling,21.92,54,3,0
2025-06-06,Meta,Facebook Ads,Meta | Home Refresh,69.36,1401,24,1
2025-06-06,Meta,Facebook Ads,Meta | Seasonal Promo,56.52,1343,28,1
2025-06-06,Meta,Facebook Ads,Meta | Free Estimate,107.1,2704,53,1
2025-06-07,Google Ads,Google Ads,Search | Interior Painting,448.19,1029,66,3
2025-06-07,Google Ads,Google Ads,Search | Exterior Painting,349.91,735,43,3
2025-06-07,Google Ads,Google Ads,Search | Cabinet Painting,19.63,46,3,0
2025-06-07,Google Ads,Google Ads,Search | Drywall Repair,177.86,502,32,3
2025-06-07,Google Ads,Google Ads,Search | Minor Remodeling,6.38,16,1,0
2025-06-07,Meta,Facebook Ads,Meta | Home Refresh,90.54,1681,31,1
2025-06-07,Meta,Facebook Ads,Meta | Seasonal Promo,196.48,4660,87,2
2025-06-07,Meta,Facebook Ads,Meta | Free Estimate,29.86,797,17,0
2025-06-08,Google Ads,Google Ads,Search | Interior Painting,23.16,59,4,0
2025-06-08,Google Ads,Google Ads,Search | Exterior Painting,80.18,149,10,1
2025-06-08,Google Ads,Google Ads,Search | Cabinet Painting,102.71,235,16,1
2025-06-08,Google Ads,Google Ads,Search | Drywall Repair,41.79,99,7,0
2025-06-08,Google Ads,Google Ads,Search | Minor Remodeling,55.71,94,5,0
2025-06-08,Meta,Facebook Ads,Meta | Home Refresh,20.48,436,7,0
2025-06-08,Meta,Facebook Ads,Meta | Seasonal Promo,202.71,4454,82,2
2025-06-08,Meta,Facebook Ads,Meta | Free Estimate,30.48,782,15,0
2025-06-09,Google Ads,Google Ads,Search | Interior Painting,249.32,481,34,3
2025-06-09,Google Ads,Google Ads,Search | Exterior Painting,478.89,1047,61,3
2025-06-09,Google Ads,Google Ads,Search | Cabinet Painting,187.2,445,29,1
2025-06-09,Google Ads,Google Ads,Search | Drywall Repair,176.89,629,38,2
2025-06-09,Google Ads,Google Ads,Search | Minor Remodeling,28.28,57,3,0
2025-06-09,Meta,Facebook Ads,Meta | Home Refresh,80.35,1769,30,1
2025-06-09,Meta,Facebook Ads,Meta | Seasonal Promo,108.2,1810,40,0
2025-06-09,Meta,Facebook Ads,Meta | Free Estimate,26.43,573,13,0
2025-06-10,Google Ads,Google Ads,Search | Interior Painting,147.72,364,23,1
2025-06-10,Google Ads,Google Ads,Search | Exterior Painting,470.26,1157,69,4
2025-06-10,Google Ads,Google Ads,Search | Cabinet Painting,65.0,142,10,1
2025-06-10,Google Ads,Google Ads,Search | Drywall Repair,63.71,130,10,1
2025-06-10,Google Ads,Google Ads,Search | Minor Remodeling,199.92,435,22,1
2025-06-10,Meta,Facebook Ads,Meta | Home Refresh,110.36,2714,43,1
2025-06-10,Meta,Facebook Ads,Meta | Seasonal Promo,542.93,13079,210,9
2025-06-10,Meta,Facebook Ads,Meta | Free Estimate,128.77,2812,64,3
2025-06-11,Google Ads,Google Ads,Search | Interior Painting,167.07,382,24,2
2025-06-11,Google Ads,Google Ads,Search | Exterior Painting,24.53,56,3,0
2025-06-11,Google Ads,Google Ads,Search | Cabinet Painting,238.42,441,34,2
2025-06-11,Google Ads,Google Ads,Search | Drywall Repair,35.11,92,6,0
2025-06-11,Google Ads,Google Ads,Search | Minor Remodeling,68.62,166,9,0
2025-06-11,Meta,Facebook Ads,Meta | Home Refresh,172.88,3900,63,2
2025-06-11,Meta,Facebook Ads,Meta | Seasonal Promo,5.0,101,2,0
2025-06-11,Meta,Facebook Ads,Meta | Free Estimate,128.53,3277,66,2
2025-06-12,Google Ads,Google Ads,Search | Interior Painting,313.15,743,54,2
2025-06-12,Google Ads,Google Ads,Search | Exterior Painting,439.61,932,57,3
2025-06-12,Google Ads,Google Ads,Search | Cabinet Painting,127.8,275,19,1
2025-06-12,Google Ads,Google Ads,Search | Drywall Repair,84.82,237,16,1
2025-06-12,Google Ads,Google Ads,Search | Minor Remodeling,129.43,296,15,1
2025-06-12,Meta,Facebook Ads,Meta | Home Refresh,70.61,1683,30,1
2025-06-12,Meta,Facebook Ads,Meta | Seasonal Promo,171.4,3620,74,2
2025-06-12,Meta,Facebook Ads,Meta | Free Estimate,68.19,1366,29,1
2025-06-13,Google Ads,Google Ads,Search | Interior Painting,140.44,329,19,2
2025-06-13,Google Ads,Google Ads,Search | Exterior Painting,299.36,613,34,2
2025-06-13,Google Ads,Google Ads,Search | Cabinet Painting,272.03,589,41,2
2025-06-13,Google Ads,Google Ads,Search | Drywall Repair,95.67,239,17,1
2025-06-13,Google Ads,Google Ads,Search | Minor Remodeling,46.59,100,5,0
2025-06-13,Meta,Facebook Ads,Meta | Home Refresh,120.72,2731,46,1
2025-06-13,Meta,Facebook Ads,Meta | Seasonal Promo,207.87,3982,76,3
2025-06-13,Meta,Facebook Ads,Meta | Free Estimate,127.72,2513,51,3
2025-06-14,Google Ads,Google Ads,Search | Interior Painting,170.59,376,23,2
2025-06-14,Google Ads,Google Ads,Search | Exterior Painting,472.4,1062,57,4
2025-06-14,Google Ads,Google Ads,Search | Cabinet Painting,569.09,1522,102,5
2025-06-14,Google Ads,Google Ads,Search | Drywall Repair,21.32,56,4,0
2025-06-14,Google Ads,Google Ads,Search | Minor Remodeling,525.72,982,46,4
2025-06-14,Meta,Facebook Ads,Meta | Home Refresh,144.84,2584,44,2
2025-06-14,Meta,Facebook Ads,Meta | Seasonal Promo,5.89,95,2,0
2025-06-14,Meta,Facebook Ads,Meta | Free Estimate,5.36,136,3,0
2025-06-15,Google Ads,Google Ads,Search | Interior Painting,181.84,470,28,2
2025-06-15,Google Ads,Google Ads,Search | Exterior Painting,411.15,1014,56,4
2025-06-15,Google Ads,Google Ads,Search | Cabinet Painting,339.41,736,43,3
2025-06-15,Google Ads,Google Ads,Search | Drywall Repair,7.88,14,1,0
2025-06-15,Google Ads,Google Ads,Search | Minor Remodeling,209.24,407,24,1
2025-06-15,Meta,Facebook Ads,Meta | Home Refresh,80.52,1848,34,2
2025-06-15,Meta,Facebook Ads,Meta | Seasonal Promo,25.54,417,9,0
2025-06-15,Meta,Facebook Ads,Meta | Free Estimate,29.07,821,15,0
2025-06-16,Google Ads,Google Ads,Search | Interior Painting,338.35,785,48,2
2025-06-16,Google Ads,Google Ads,Search | Exterior Painting,405.33,769,48,3
2025-06-16,Google Ads,Google Ads,Search | Cabinet Painting,186.63,408,33,2
2025-06-16,Google Ads,Google Ads,Search | Drywall Repair,209.96,498,37,3
2025-06-16,Google Ads,Google Ads,Search | Minor Remodeling,236.62,438,25,1
2025-06-16,Meta,Facebook Ads,Meta | Home Refresh,265.98,6977,104,5
2025-06-16,Meta,Facebook Ads,Meta | Seasonal Promo,78.39,1629,31,1
2025-06-16,Meta,Facebook Ads,Meta | Free Estimate,216.37,6182,112,1
2025-06-17,Google Ads,Google Ads,Search | Interior Painting,68.62,122,8,2
2025-06-17,Google Ads,Google Ads,Search | Exterior Painting,270.93,596,36,2
2025-06-17,Google Ads,Google Ads,Search | Cabinet Painting,308.49,651,45,1
2025-06-17,Google Ads,Google Ads,Search | Drywall Repair,81.35,172,14,1
2025-06-17,Google Ads,Google Ads,Search | Minor Remodeling,213.58,424,21,1
2025-06-17,Meta,Facebook Ads,Meta | Home Refresh,93.5,2025,35,1
2025-06-17,Meta,Facebook Ads,Meta | Seasonal Promo,328.36,5312,108,5
2025-06-17,Meta,Facebook Ads,Meta | Free Estimate,17.78,404,9,0
2025-06-18,Google Ads,Google Ads,Search | Interior Painting,488.23,1207,61,4
2025-06-18,Google Ads,Google Ads,Search | Exterior Painting,168.58,454,24,1
2025-06-18,Google Ads,Google Ads,Search | Cabinet Painting,260.77,673,40,2
2025-06-18,Google Ads,Google Ads,Search | Drywall Repair,33.77,83,6,0
2025-06-18,Google Ads,Google Ads,Search | Minor Remodeling,33.28,55,3,0
2025-06-18,Meta,Facebook Ads,Meta | Home Refresh,168.09,3487,63,2
2025-06-18,Meta,Facebook Ads,Meta | Seasonal Promo,145.7,2369,52,2
2025-06-18,Meta,Facebook Ads,Meta | Free Estimate,124.91,2660,60,2
2025-06-19,Google Ads,Google Ads,Search | Interior Painting,286.33,671,39,4
2025-06-19,Google Ads,Google Ads,Search | Exterior Painting,286.36,658,35,4
2025-06-19,Google Ads,Google Ads,Search | Cabinet Painting,15.23,27,2,0
2025-06-19,Google Ads,Google Ads,Search | Drywall Repair,175.37,408,31,1
2025-06-19,Google Ads,Google Ads,Search | Minor Remodeling,132.42,247,14,1
2025-06-19,Meta,Facebook Ads,Meta | Home Refresh,339.05,7842,130,4
2025-06-19,Meta,Facebook Ads,Meta | Seasonal Promo,73.33,1545,29,1
2025-06-19,Meta,Facebook Ads,Meta | Free Estimate,153.46,2727,59,2
2025-06-20,Google Ads,Google Ads,Search | Interior Painting,94.65,196,13,1
2025-06-20,Google Ads,Google Ads,Search | Exterior Painting,168.12,434,22,2
2025-06-20,Google Ads,Google Ads,Search | Cabinet Painting,419.72,985,74,4
2025-06-20,Google Ads,Google Ads,Search | Drywall Repair,162.6,426,29,3
2025-06-20,Google Ads,Google Ads,Search | Minor Remodeling,147.0,311,20,1
2025-06-20,Meta,Facebook Ads,Meta | Home Refresh,189.67,3713,62,2
2025-06-20,Meta,Facebook Ads,Meta | Seasonal Promo,123.78,2562,44,2
2025-06-20,Meta,Facebook Ads,Meta | Free Estimate,243.48,5570,105,3
2025-06-21,Google Ads,Google Ads,Search | Interior Painting,218.3,464,28,2
2025-06-21,Google Ads,Google Ads,Search | Exterior Painting,154.65,305,19,1
2025-06-21,Google Ads,Google Ads,Search | Cabinet Painting,113.05,277,19,1
2025-06-21,Google Ads,Google Ads,Search | Drywall Repair,16.73,50,3,0
2025-06-21,Google Ads,Google Ads,Search | Minor Remodeling,159.63,290,16,1
2025-06-21,Meta,Facebook Ads,Meta | Home Refresh,8.78,212,3,0
2025-06-21,Meta,Facebook Ads,Meta | Seasonal Promo,48.78,1083,19,0
2025-06-21,Meta,Facebook Ads,Meta | Free Estimate,148.47,3641,87,2
2025-06-22,Google Ads,Google Ads,Search | Interior Painting,12.4,27,2,0
2025-06-22,Google Ads,Google Ads,Search | Exterior Painting,102.77,236,14,1
2025-06-22,Google Ads,Google Ads,Search | Cabinet Painting,199.04,516,35,2
2025-06-22,Google Ads,Google Ads,Search | Drywall Repair,43.68,122,9,0
2025-06-22,Google Ads,Google Ads,Search | Minor Remodeling,47.1,99,5,0
2025-06-22,Meta,Facebook Ads,Meta | Home Refresh,67.62,1725,26,1
2025-06-22,Meta,Facebook Ads,Meta | Seasonal Promo,91.03,1841,34,1
2025-06-22,Meta,Facebook Ads,Meta | Free Estimate,60.17,1402,32,1
2025-06-23,Google Ads,Google Ads,Search | Interior Painting,229.05,586,35,3
2025-06-23,Google Ads,Google Ads,Search | Exterior Painting,657.81,1550,88,5
2025-06-23,Google Ads,Google Ads,Search | Cabinet Painting,83.49,199,14,1
2025-06-23,Google Ads,Google Ads,Search | Drywall Repair,137.91,331,24,2
2025-06-23,Google Ads,Google Ads,Search | Minor Remodeling,241.16,453,24,2
2025-06-23,Meta,Facebook Ads,Meta | Home Refresh,86.85,1755,32,1
2025-06-23,Meta,Facebook Ads,Meta | Seasonal Promo,148.83,3404,64,2
2025-06-23,Meta,Facebook Ads,Meta | Free Estimate,14.02,350,8,0
2025-06-24,Google Ads,Google Ads,Search | Interior Painting,126.84,288,20,1
2025-06-24,Google Ads,Google Ads,Search | Exterior Painting,427.21,944,57,3
2025-06-24,Google Ads,Google Ads,Search | Cabinet Painting,7.05,16,1,0
2025-06-24,Google Ads,Google Ads,Search | Drywall Repair,161.3,339,24,2
2025-06-24,Google Ads,Google Ads,Search | Minor Remodeling,149.11,296,15,1
2025-06-24,Meta,Facebook Ads,Meta | Home Refresh,69.19,1721,28,1
2025-06-24,Meta,Facebook Ads,Meta | Seasonal Promo,9.07,170,3,0
2025-06-24,Meta,Facebook Ads,Meta | Free Estimate,254.28,5085,117,4
2025-06-25,Google Ads,Google Ads,Search | Interior Painting,91.52,245,13,1
2025-06-25,Google Ads,Google Ads,Search | Exterior Painting,303.71,563,33,2
2025-06-25,Google Ads,Google Ads,Search | Cabinet Painting,199.81,390,30,2
2025-06-25,Google Ads,Google Ads,Search | Drywall Repair,158.41,399,30,0
2025-06-25,Google Ads,Google Ads,Search | Minor Remodeling,303.16,747,42,2
2025-06-25,Meta,Facebook Ads,Meta | Home Refresh,10.22,176,4,0
2025-06-25,Meta,Facebook Ads,Meta | Seasonal Promo,87.07,2092,42,0
2025-06-25,Meta,Facebook Ads,Meta | Free Estimate,11.47,236,5,0
2025-06-26,Google Ads,Google Ads,Search | Interior Painting,378.61,861,53,4
2025-06-26,Google Ads,Google Ads,Search | Exterior Painting,111.69,244,15,1
2025-06-26,Google Ads,Google Ads,Search | Cabinet Painting,279.03,690,43,3
2025-06-26,Google Ads,Google Ads,Search | Drywall Repair,9.53,28,2,0
2025-06-26,Google Ads,Google Ads,Search | Minor Remodeling,130.18,239,14,1
2025-06-26,Meta,Facebook Ads,Meta | Home Refresh,83.91,1605,26,1
2025-06-26,Meta,Facebook Ads,Meta | Seasonal Promo,38.64,799,16,0
2025-06-26,Meta,Facebook Ads,Meta | Free Estimate,105.89,2411,52,1
2025-06-27,Google Ads,Google Ads,Search | Interior Painting,345.94,725,50,3
2025-06-27,Google Ads,Google Ads,Search | Exterior Painting,82.69,177,11,2
2025-06-27,Google Ads,Google Ads,Search | Cabinet Painting,124.99,377,24,1
2025-06-27,Google Ads,Google Ads,Search | Drywall Repair,175.27,461,34,2
2025-06-27,Google Ads,Google Ads,Search | Minor Remodeling,5.0,17,1,0
2025-06-27,Meta,Facebook Ads,Meta | Home Refresh,304.94,7710,113,3
2025-06-27,Meta,Facebook Ads,Meta | Seasonal Promo,9.14,170,3,0
2025-06-27,Meta,Facebook Ads,Meta | Free Estimate,6.54,120,3,0
2025-06-28,Google Ads,Google Ads,Search | Interior Painting,159.25,264,19,2
2025-06-28,Google Ads,Google Ads,Search | Exterior Painting,262.14,485,29,2
2025-06-28,Google Ads,Google Ads,Search | Cabinet Painting,11.4,29,2,0
2025-06-28,Google Ads,Google Ads,Search | Drywall Repair,42.8,116,8,0
2025-06-28,Google Ads,Google Ads,Search | Minor Remodeling,14.31,17,1,0
2025-06-28,Meta,Facebook Ads,Meta | Home Refresh,210.67,5229,89,3
2025-06-28,Meta,Facebook Ads,Meta | Seasonal Promo,6.94,136,3,0
2025-06-28,Meta,Facebook Ads,Meta | Free Estimate,46.95,1050,22,0
2025-06-29,Google Ads,Google Ads,Search | Interior Painting,164.96,333,21,2
2025-06-29,Google Ads,Google Ads,Search | Exterior Painting,25.68,51,3,0
2025-06-29,Google Ads,Google Ads,Search | Cabinet Painting,190.11,475,27,2
2025-06-29,Google Ads,Google Ads,Search | Drywall Repair,17.16,40,3,0
2025-06-29,Google Ads,Google Ads,Search | Minor Remodeling,167.24,379,18,1
2025-06-29,Meta,Facebook Ads,Meta | Home Refresh,96.6,2255,35,1
2025-06-29,Meta,Facebook Ads,Meta | Seasonal Promo,18.84,378,7,1
2025-06-29,Meta,Facebook Ads,Meta | Free Estimate,5.0,82,2,0
2025-06-30,Google Ads,Google Ads,Search | Interior Painting,105.74,202,15,1
2025-06-30,Google Ads,Google Ads,Search | Exterior Painting,463.31,1076,64,4
2025-06-30,Google Ads,Google Ads,Search | Cabinet Painting,145.54,357,24,1
2025-06-30,Google Ads,Google Ads,Search | Drywall Repair,11.06,28,2,0
2025-06-30,Google Ads,Google Ads,Search | Minor Remodeling,260.28,624,29,2
2025-06-30,Meta,Facebook Ads,Meta | Home Refresh,125.78,2705,40,4
2025-06-30,Meta,Facebook Ads,Meta | Seasonal Promo,89.86,1886,41,1
2025-06-30,Meta,Facebook Ads,Meta | Free Estimate,66.9,1415,31,2
2025-07-01,Google Ads,Google Ads,Search | Interior Painting,477.82,1061,72,4
2025-07-01,Google Ads,Google Ads,Search | Exterior Painting,299.74,564,37,3
2025-07-01,Google Ads,Google Ads,Search | Cabinet Painting,480.56,1108,80,4
2025-07-01,Google Ads,Google Ads,Search | Drywall Repair,77.59,206,14,1
2025-07-01,Google Ads,Google Ads,Search | Minor Remodeling,296.11,615,31,2
2025-07-01,Meta,Facebook Ads,Meta | Home Refresh,83.38,1944,30,2
2025-07-01,Meta,Facebook Ads,Meta | Free Estimate,119.23,2545,56,2
2025-07-02,Google Ads,Google Ads,Search | Interior Painting,5.0,13,1,0
2025-07-02,Google Ads,Google Ads,Search | Exterior Painting,190.48,360,21,2
2025-07-02,Google Ads,Google Ads,Search | Cabinet Painting,132.78,325,19,2
2025-07-02,Google Ads,Google Ads,Search | Drywall Repair,95.91,314,20,0
2025-07-02,Google Ads,Google Ads,Search | Minor Remodeling,254.38,450,27,1
2025-07-02,Meta,Facebook Ads,Meta | Home Refresh,45.12,869,16,0
2025-07-02,Meta,Facebook Ads,Meta | Free Estimate,172.8,2902,75,3
2025-07-03,Google Ads,Google Ads,Search | Interior Painting,130.49,336,20,1
2025-07-03,Google Ads,Google Ads,Search | Exterior Painting,43.51,80,5,0
2025-07-03,Google Ads,Google Ads,Search | Cabinet Painting,146.24,284,20,2
2025-07-03,Google Ads,Google Ads,Search | Drywall Repair,107.69,337,23,1
2025-07-03,Google Ads,Google Ads,Search | Minor Remodeling,161.5,358,18,1
2025-07-03,Meta,Facebook Ads,Meta | Home Refresh,230.91,4878,88,3
2025-07-03,Meta,Facebook Ads,Meta | Free Estimate,17.01,326,8,0
2025-07-04,Google Ads,Google Ads,Search | Interior Painting,229.56,546,33,3
2025-07-04,Google Ads,Google Ads,Search | Exterior Painting,365.32,781,44,2
2025-07-04,Google Ads,Google Ads,Search | Cabinet Painting,393.38,915,55,3
2025-07-04,Google Ads,Google Ads,Search | Drywall Repair,131.3,365,27,1
2025-07-04,Google Ads,Google Ads,Search | Minor Remodeling,55.9,91,5,0
2025-07-04,Meta,Facebook Ads,Meta | Home Refresh,148.64,3022,54,2
2025-07-04,Meta,Facebook Ads,Meta | Free Estimate,175.34,3286,81,2
2025-07-05,Google Ads,Google Ads,Search | Interior Painting,117.71,269,18,1
2025-07-05,Google Ads,Google Ads,Search | Exterior Painting,501.05,1152,66,6
2025-07-05,Google Ads,Google Ads,Search | Cabinet Painting,39.57,79,5,0
2025-07-05,Google Ads,Google Ads,Search | Drywall Repair,5.0,14,1,1
2025-07-05,Google Ads,Google Ads,Search | Minor Remodeling,55.14,118,6,0
2025-07-05,Meta,Facebook Ads,Meta | Home Refresh,110.92,2447,40,1
2025-07-05,Meta,Facebook Ads,Meta | Free Estimate,123.3,2641,55,2
2025-07-06,Google Ads,Google Ads,Search | Interior Painting,36.29,106,6,0
2025-07-06,Google Ads,Google Ads,Search | Exterior Painting,340.1,818,46,2
2025-07-06,Google Ads,Google Ads,Search | Cabinet Painting,85.7,247,15,1
2025-07-06,Google Ads,Google Ads,Search | Drywall Repair,98.51,226,16,2
2025-07-06,Google Ads,Google Ads,Search | Minor Remodeling,56.41,108,6,0
2025-07-06,Meta,Facebook Ads,Meta | Home Refresh,208.26,5302,77,5
2025-07-06,Meta,Facebook Ads,Meta | Free Estimate,32.39,634,15,1
2025-07-07,Google Ads,Google Ads,Search | Interior Painting,203.94,441,27,1
2025-07-07,Google Ads,Google Ads,Search | Exterior Painting,441.05,927,52,3
2025-07-07,Google Ads,Google Ads,Search | Cabinet Painting,58.21,129,9,0
2025-07-07,Google Ads,Google Ads,Search | Drywall Repair,103.93,276,18,2
2025-07-07,Google Ads,Google Ads,Search | Minor Remodeling,129.38,228,13,1
2025-07-07,Meta,Facebook Ads,Meta | Home Refresh,286.66,5038,84,4
2025-07-07,Meta,Facebook Ads,Meta | Free Estimate,277.34,5597,114,3
2025-07-08,Google Ads,Google Ads,Search | Interior Painting,321.69,651,39,4
2025-07-08,Google Ads,Google Ads,Search | Exterior Painting,6.07,17,1,0
2025-07-08,Google Ads,Google Ads,Search | Cabinet Painting,284.52,617,48,3
2025-07-08,Google Ads,Google Ads,Search | Drywall Repair,170.3,444,30,2
2025-07-08,Google Ads,Google Ads,Search | Minor Remodeling,112.96,280,15,0
2025-07-08,Meta,Facebook Ads,Meta | Home Refresh,185.07,2785,57,3
2025-07-08,Meta,Facebook Ads,Meta | Free Estimate,200.73,5340,113,3
2025-07-09,Google Ads,Google Ads,Search | Interior Painting,138.23,283,19,1
2025-07-09,Google Ads,Google Ads,Search | Exterior Painting,340.05,786,48,2
2025-07-09,Google Ads,Google Ads,Search | Cabinet Painting,103.68,248,16,1
2025-07-09,Google Ads,Google Ads,Search | Drywall Repair,164.03,457,35,2
2025-07-09,Google Ads,Google Ads,Search | Minor Remodeling,16.56,35,2,0
2025-07-09,Meta,Facebook Ads,Meta | Home Refresh,205.16,4800,75,3
2025-07-09,Meta,Facebook Ads,Meta | Free Estimate,192.55,3792,84,3
2025-07-10,Google Ads,Google Ads,Search | Interior Painting,98.29,222,14,1
2025-07-10,Google Ads,Google Ads,Search | Exterior Painting,315.07,628,40,5
2025-07-10,Google Ads,Google Ads,Search | Cabinet Painting,287.4,856,57,3
2025-07-10,Google Ads,Google Ads,Search | Drywall Repair,7.11,15,1,0
2025-07-10,Google Ads,Google Ads,Search | Minor Remodeling,182.84,291,17,1
2025-07-10,Meta,Facebook Ads,Meta | Home Refresh,165.16,4138,66,2
2025-07-10,Meta,Facebook Ads,Meta | Free Estimate,217.89,4964,97,3
2025-07-11,Google Ads,Google Ads,Search | Interior Painting,127.11,271,18,1
2025-07-11,Google Ads,Google Ads,Search | Exterior Painting,201.21,419,24,2
2025-07-11,Google Ads,Google Ads,Search | Cabinet Painting,85.42,165,13,1
2025-07-11,Google Ads,Google Ads,Search | Drywall Repair,207.68,565,37,2
2025-07-11,Google Ads,Google Ads,Search | Minor Remodeling,219.21,346,23,1
2025-07-11,Meta,Facebook Ads,Meta | Home Refresh,90.47,1635,29,1
2025-07-11,Meta,Facebook Ads,Meta | Free Estimate,102.64,2254,52,1
2025-07-12,Google Ads,Google Ads,Search | Interior Painting,134.52,292,21,1
2025-07-12,Google Ads,Google Ads,Search | Exterior Painting,223.57,453,27,1
2025-07-12,Google Ads,Google Ads,Search | Cabinet Painting,153.19,334,22,1
2025-07-12,Google Ads,Google Ads,Search | Drywall Repair,261.34,647,47,2
2025-07-12,Google Ads,Google Ads,Search | Minor Remodeling,185.62,390,20,1
2025-07-12,Meta,Facebook Ads,Meta | Home Refresh,25.72,509,10,0
2025-07-12,Meta,Facebook Ads,Meta | Free Estimate,172.97,4237,94,3
2025-07-13,Google Ads,Google Ads,Search | Interior Painting,264.89,604,37,2
2025-07-13,Google Ads,Google Ads,Search | Exterior Painting,400.78,777,52,3
2025-07-13,Google Ads,Google Ads,Search | Cabinet Painting,120.49,256,17,1
2025-07-13,Google Ads,Google Ads,Search | Drywall Repair,161.81,521,33,1
2025-07-13,Google Ads,Google Ads,Search | Minor Remodeling,54.3,108,6,0
2025-07-13,Meta,Facebook Ads,Meta | Home Refresh,101.88,2125,35,1
2025-07-13,Meta,Facebook Ads,Meta | Free Estimate,52.59,1190,26,1
2025-07-14,Google Ads,Google Ads,Search | Interior Painting,109.91,213,17,0
2025-07-14,Google Ads,Google Ads,Search | Exterior Painting,470.87,761,48,4
2025-07-14,Google Ads,Google Ads,Search | Cabinet Painting,92.97,228,16,1
2025-07-14,Google Ads,Google Ads,Search | Drywall Repair,66.58,143,12,1
2025-07-14,Google Ads,Google Ads,Search | Minor Remodeling,237.12,506,29,2
2025-07-14,Meta,Facebook Ads,Meta | Home Refresh,289.41,5896,102,3
2025-07-14,Meta,Facebook Ads,Meta | Free Estimate,133.05,3172,76,4
2025-07-15,Google Ads,Google Ads,Search | Interior Painting,427.67,935,62,6
2025-07-15,Google Ads,Google Ads,Search | Exterior Painting,130.19,229,14,1
2025-07-15,Google Ads,Google Ads,Search | Cabinet Painting,27.17,60,4,0
2025-07-15,Google Ads,Google Ads,Search | Drywall Repair,306.17,732,54,2
2025-07-15,Google Ads,Google Ads,Search | Minor Remodeling,361.16,670,37,2
2025-07-15,Meta,Facebook Ads,Meta | Home Refresh,323.45,6958,119,4
2025-07-15,Meta,Facebook Ads,Meta | Free Estimate,198.31,3637,95,3
2025-07-16,Google Ads,Google Ads,Search | Interior Painting,238.89,574,38,4
2025-07-16,Google Ads,Google Ads,Search | Exterior Painting,190.7,343,22,1
2025-07-16,Google Ads,Google Ads,Search | Cabinet Painting,412.41,967,62,5
2025-07-16,Google Ads,Google Ads,Search | Drywall Repair,170.93,400,29,2
2025-07-16,Google Ads,Google Ads,Search | Minor Remodeling,64.05,142,8,0
2025-07-16,Meta,Facebook Ads,Meta | Home Refresh,278.68,5155,97,3
2025-07-16,Meta,Facebook Ads,Meta | Free Estimate,210.82,4415,104,2
2025-07-17,Google Ads,Google Ads,Search | Interior Painting,216.05,455,29,3
2025-07-17,Google Ads,Google Ads,Search | Exterior Painting,323.46,657,40,3
2025-07-17,Google Ads,Google Ads,Search | Cabinet Painting,102.76,234,17,1
2025-07-17,Google Ads,Google Ads,Search | Drywall Repair,17.87,45,3,0
2025-07-17,Google Ads,Google Ads,Search | Minor Remodeling,211.62,394,21,1
2025-07-17,Meta,Facebook Ads,Meta | Home Refresh,512.26,10188,188,6
2025-07-17,Meta,Facebook Ads,Meta | Free Estimate,220.79,4523,84,4
2025-07-18,Google Ads,Google Ads,Search | Interior Painting,140.6,310,19,1
2025-07-18,Google Ads,Google Ads,Search | Exterior Painting,175.77,394,23,1
2025-07-18,Google Ads,Google Ads,Search | Cabinet Painting,207.45,539,35,2
2025-07-18,Google Ads,Google Ads,Search | Drywall Repair,220.7,576,39,3
2025-07-18,Google Ads,Google Ads,Search | Minor Remodeling,179.51,345,19,1
2025-07-18,Meta,Facebook Ads,Meta | Home Refresh,171.24,3562,53,2
2025-07-18,Meta,Facebook Ads,Meta | Free Estimate,229.32,4286,106,1
2025-07-19,Google Ads,Google Ads,Search | Interior Painting,84.82,219,14,1
2025-07-19,Google Ads,Google Ads,Search | Exterior Painting,235.19,437,30,2
2025-07-19,Google Ads,Google Ads,Search | Cabinet Painting,91.1,221,16,1
2025-07-19,Google Ads,Google Ads,Search | Drywall Repair,187.04,514,36,2
2025-07-19,Google Ads,Google Ads,Search | Minor Remodeling,194.08,395,21,1
2025-07-19,Meta,Facebook Ads,Meta | Home Refresh,6.82,123,2,0
2025-07-19,Meta,Facebook Ads,Meta | Free Estimate,76.56,2044,44,1
2025-07-20,Google Ads,Google Ads,Search | Interior Painting,39.43,73,5,0
2025-07-20,Google Ads,Google Ads,Search | Exterior Painting,178.32,299,18,1
2025-07-20,Google Ads,Google Ads,Search | Cabinet Painting,25.03,39,3,0
2025-07-20,Google Ads,Google Ads,Search | Drywall Repair,81.24,224,16,2
2025-07-20,Google Ads,Google Ads,Search | Minor Remodeling,142.67,257,15,1
2025-07-20,Meta,Facebook Ads,Meta | Home Refresh,113.73,2896,42,1
2025-07-20,Meta,Facebook Ads,Meta | Free Estimate,138.54,2654,63,2
2025-07-21,Google Ads,Google Ads,Search | Interior Painting,189.6,402,26,2
2025-07-21,Google Ads,Google Ads,Search | Exterior Painting,100.07,225,12,1
2025-07-21,Google Ads,Google Ads,Search | Cabinet Painting,280.22,710,52,5
2025-07-21,Google Ads,Google Ads,Search | Drywall Repair,65.76,175,13,1
2025-07-21,Google Ads,Google Ads,Search | Minor Remodeling,169.22,322,20,1
2025-07-21,Meta,Facebook Ads,Meta | Home Refresh,70.38,1450,26,1
2025-07-21,Meta,Facebook Ads,Meta | Free Estimate,8.15,188,4,0
2025-07-22,Google Ads,Google Ads,Search | Interior Painting,323.27,639,38,4
2025-07-22,Google Ads,Google Ads,Search | Exterior Painting,249.5,563,34,3
2025-07-22,Google Ads,Google Ads,Search | Cabinet Painting,160.23,413,23,3
2025-07-22,Google Ads,Google Ads,Search | Drywall Repair,13.39,30,2,0
2025-07-22,Google Ads,Google Ads,Search | Minor Remodeling,17.7,35,2,0
2025-07-22,Meta,Facebook Ads,Meta | Home Refresh,166.36,3955,65,3
2025-07-22,Meta,Facebook Ads,Meta | Free Estimate,86.67,2041,40,2
2025-07-23,Google Ads,Google Ads,Search | Interior Painting,48.66,108,7,0
2025-07-23,Google Ads,Google Ads,Search | Exterior Painting,124.54,267,17,1
2025-07-23,Google Ads,Google Ads,Search | Cabinet Painting,29.21,81,5,0
2025-07-23,Google Ads,Google Ads,Search | Drywall Repair,202.71,480,40,2
2025-07-23,Google Ads,Google Ads,Search | Minor Remodeling,206.22,401,26,1
2025-07-23,Meta,Facebook Ads,Meta | Home Refresh,114.73,2583,42,1
2025-07-23,Meta,Facebook Ads,Meta | Free Estimate,27.01,663,14,0
2025-07-24,Google Ads,Google Ads,Search | Interior Painting,290.06,659,43,3
2025-07-24,Google Ads,Google Ads,Search | Exterior Painting,432.81,881,57,4
2025-07-24,Google Ads,Google Ads,Search | Cabinet Painting,206.81,460,32,1
2025-07-24,Google Ads,Google Ads,Search | Drywall Repair,169.68,373,28,3
2025-07-24,Google Ads,Google Ads,Search | Minor Remodeling,155.74,281,17,1
2025-07-24,Meta,Facebook Ads,Meta | Home Refresh,86.37,1947,31,1
2025-07-24,Meta,Facebook Ads,Meta | Free Estimate,49.15,940,24,1
2025-07-25,Google Ads,Google Ads,Search | Interior Painting,215.83,495,30,1
2025-07-25,Google Ads,Google Ads,Search | Exterior Painting,559.55,1412,87,4
2025-07-25,Google Ads,Google Ads,Search | Cabinet Painting,420.14,951,72,3
2025-07-25,Google Ads,Google Ads,Search | Drywall Repair,68.56,195,14,1
2025-07-25,Google Ads,Google Ads,Search | Minor Remodeling,47.22,67,4,0
2025-07-25,Meta,Facebook Ads,Meta | Home Refresh,274.4,6496,111,4
2025-07-25,Meta,Facebook Ads,Meta | Free Estimate,52.18,1135,26,1
2025-07-26,Google Ads,Google Ads,Search | Interior Painting,137.68,349,23,1
2025-07-26,Google Ads,Google Ads,Search | Exterior Painting,178.87,320,21,1
2025-07-26,Google Ads,Google Ads,Search | Cabinet Painting,16.12,44,3,0
2025-07-26,Google Ads,Google Ads,Search | Drywall Repair,89.84,175,15,1
2025-07-26,Google Ads,Google Ads,Search | Minor Remodeling,16.24,38,2,0
2025-07-26,Meta,Facebook Ads,Meta | Home Refresh,22.74,544,9,1
2025-07-26,Meta,Facebook Ads,Meta | Free Estimate,104.46,1810,43,1
2025-07-27,Google Ads,Google Ads,Search | Interior Painting,92.68,156,11,1
2025-07-27,Google Ads,Google Ads,Search | Exterior Painting,14.49,33,2,0
2025-07-27,Google Ads,Google Ads,Search | Cabinet Painting,79.29,150,12,1
2025-07-27,Google Ads,Google Ads,Search | Drywall Repair,12.61,40,3,0
2025-07-27,Google Ads,Google Ads,Search | Minor Remodeling,313.68,566,29,2
2025-07-27,Meta,Facebook Ads,Meta | Home Refresh,162.15,3215,53,2
2025-07-27,Meta,Facebook Ads,Meta | Free Estimate,5.0,125,3,0
2025-07-28,Google Ads,Google Ads,Search | Interior Painting,16.86,44,3,0
2025-07-28,Google Ads,Google Ads,Search | Exterior Painting,339.59,572,39,3
2025-07-28,Google Ads,Google Ads,Search | Cabinet Painting,123.72,327,20,1
2025-07-28,Google Ads,Google Ads,Search | Drywall Repair,242.35,856,50,3
2025-07-28,Google Ads,Google Ads,Search | Minor Remodeling,241.56,347,22,2
2025-07-28,Meta,Facebook Ads,Meta | Home Refresh,313.04,5646,97,5
2025-07-28,Meta,Facebook Ads,Meta | Free Estimate,29.43,686,15,0
2025-07-29,Google Ads,Google Ads,Search | Interior Painting,104.03,229,14,1
2025-07-29,Google Ads,Google Ads,Search | Exterior Painting,97.07,214,12,1
2025-07-29,Google Ads,Google Ads,Search | Cabinet Painting,230.94,445,30,2
2025-07-29,Google Ads,Google Ads,Search | Drywall Repair,279.83,805,57,4
2025-07-29,Google Ads,Google Ads,Search | Minor Remodeling,110.67,257,14,0
2025-07-29,Meta,Facebook Ads,Meta | Home Refresh,412.76,10164,160,4
2025-07-29,Meta,Facebook Ads,Meta | Free Estimate,217.41,5481,106,4
2025-07-30,Google Ads,Google Ads,Search | Interior Painting,141.9,294,17,1
2025-07-30,Google Ads,Google Ads,Search | Exterior Painting,171.45,380,24,1
2025-07-30,Google Ads,Google Ads,Search | Cabinet Painting,126.9,299,20,1
2025-07-30,Google Ads,Google Ads,Search | Drywall Repair,101.97,276,20,2
2025-07-30,Google Ads,Google Ads,Search | Minor Remodeling,217.2,480,25,1
2025-07-30,Meta,Facebook Ads,Meta | Home Refresh,158.41,3483,58,2
2025-07-30,Meta,Facebook Ads,Meta | Free Estimate,180.46,3828,81,2
2025-07-31,Google Ads,Google Ads,Search | Interior Painting,22.76,40,3,0
2025-07-31,Google Ads,Google Ads,Search | Exterior Painting,577.25,901,60,2
2025-07-31,Google Ads,Google Ads,Search | Cabinet Painting,201.11,429,29,3
2025-07-31,Google Ads,Google Ads,Search | Drywall Repair,89.02,228,17,1
2025-07-31,Google Ads,Google Ads,Search | Minor Remodeling,149.85,291,17,0
2025-07-31,Meta,Facebook Ads,Meta | Home Refresh,48.74,1002,16,0
2025-07-31,Meta,Facebook Ads,Meta | Free Estimate,174.27,4148,90,2
2025-08-01,Google Ads,Google Ads,Search | Interior Painting,610.48,1214,86,4
2025-08-01,Google Ads,Google Ads,Search | Exterior Painting,223.21,443,29,2
2025-08-01,Google Ads,Google Ads,Search | Cabinet Painting,212.89,647,37,2
2025-08-01,Google Ads,Google Ads,Search | Drywall Repair,271.59,558,46,1
2025-08-01,Google Ads,Google Ads,Search | Minor Remodeling,103.91,193,11,0
2025-08-01,Meta,Facebook Ads,Meta | Home Refresh,107.09,2458,38,2
2025-08-01,Meta,Facebook Ads,Meta | Free Estimate,144.53,3329,69,3
2025-08-02,Google Ads,Google Ads,Search | Interior Painting,194.8,323,24,2
2025-08-02,Google Ads,Google Ads,Search | Exterior Painting,435.84,887,53,2
2025-08-02,Google Ads,Google Ads,Search | Cabinet Painting,33.65,71,5,0
2025-08-02,Google Ads,Google Ads,Search | Drywall Repair,7.6,28,2,0
2025-08-02,Google Ads,Google Ads,Search | Minor Remodeling,154.22,331,18,1
2025-08-02,Meta,Facebook Ads,Meta | Home Refresh,272.19,6829,112,3
2025-08-02,Meta,Facebook Ads,Meta | Free Estimate,133.03,3835,72,2
2025-08-03,Google Ads,Google Ads,Search | Interior Painting,16.97,50,3,0
2025-08-03,Google Ads,Google Ads,Search | Exterior Painting,140.6,247,17,1
2025-08-03,Google Ads,Google Ads,Search | Cabinet Painting,65.49,118,9,0
2025-08-03,Google Ads,Google Ads,Search | Drywall Repair,50.8,154,11,0
2025-08-03,Google Ads,Google Ads,Search | Minor Remodeling,13.06,18,1,0
2025-08-03,Meta,Facebook Ads,Meta | Home Refresh,29.65,635,10,0
2025-08-03,Meta,Facebook Ads,Meta | Free Estimate,61.77,1118,26,1
2025-08-04,Google Ads,Google Ads,Search | Interior Painting,342.17,684,43,4
2025-08-04,Google Ads,Google Ads,Search | Exterior Painting,572.58,879,56,7
2025-08-04,Google Ads,Google Ads,Search | Cabinet Painting,103.04,267,17,1
2025-08-04,Google Ads,Google Ads,Search | Drywall Repair,145.67,400,25,1
2025-08-04,Google Ads,Google Ads,Search | Minor Remodeling,48.39,87,5,0
2025-08-04,Meta,Facebook Ads,Meta | Home Refresh,447.87,8854,142,6
2025-08-04,Meta,Facebook Ads,Meta | Free Estimate,100.9,2344,49,2
2025-08-05,Google Ads,Google Ads,Search | Interior Painting,299.09,662,49,2
2025-08-05,Google Ads,Google Ads,Search | Exterior Painting,279.97,663,36,2
2025-08-05,Google Ads,Google Ads,Search | Cabinet Painting,65.74,170,11,0
2025-08-05,Google Ads,Google Ads,Search | Drywall Repair,54.27,131,8,0
2025-08-05,Google Ads,Google Ads,Search | Minor Remodeling,8.56,17,1,0
2025-08-05,Meta,Facebook Ads,Meta | Home Refresh,173.95,4204,64,2
2025-08-05,Meta,Facebook Ads,Meta | Free Estimate,5.0,83,2,0
2025-08-06,Google Ads,Google Ads,Search | Interior Painting,126.93,168,13,1
2025-08-06,Google Ads,Google Ads,Search | Exterior Painting,555.9,1102,74,5
2025-08-06,Google Ads,Google Ads,Search | Cabinet Painting,189.21,409,27,2
2025-08-06,Google Ads,Google Ads,Search | Drywall Repair,40.05,125,8,0
2025-08-06,Google Ads,Google Ads,Search | Minor Remodeling,289.1,588,31,2
2025-08-06,Meta,Facebook Ads,Meta | Home Refresh,143.98,2749,47,2
2025-08-06,Meta,Facebook Ads,Meta | Free Estimate,159.23,3215,67,2
2025-08-07,Google Ads,Google Ads,Search | Interior Painting,225.41,498,29,2
2025-08-07,Google Ads,Google Ads,Search | Exterior Painting,284.75,485,31,2
2025-08-07,Google Ads,Google Ads,Search | Cabinet Painting,36.42,77,5,0
2025-08-07,Google Ads,Google Ads,Search | Drywall Repair,166.87,462,32,2
2025-08-07,Google Ads,Google Ads,Search | Minor Remodeling,142.34,253,14,1
2025-08-07,Meta,Facebook Ads,Meta | Home Refresh,152.4,2598,52,1
2025-08-07,Meta,Facebook Ads,Meta | Free Estimate,272.9,7812,165,5
2025-08-08,Google Ads,Google Ads,Search | Interior Painting,6.36,14,1,0
2025-08-08,Google Ads,Google Ads,Search | Exterior Painting,363.98,880,49,3
2025-08-08,Google Ads,Google Ads,Search | Cabinet Painting,119.33,264,17,1
2025-08-08,Google Ads,Google Ads,Search | Drywall Repair,211.08,548,40,3
2025-08-08,Google Ads,Google Ads,Search | Minor Remodeling,271.3,570,31,1
2025-08-08,Meta,Facebook Ads,Meta | Home Refresh,230.6,4969,82,3
2025-08-08,Meta,Facebook Ads,Meta | Free Estimate,81.02,1746,35,2
2025-08-09,Google Ads,Google Ads,Search | Interior Painting,310.87,643,43,4
2025-08-09,Google Ads,Google Ads,Search | Exterior Painting,58.01,109,7,0
2025-08-09,Google Ads,Google Ads,Search | Cabinet Painting,180.45,390,27,1
2025-08-09,Google Ads,Google Ads,Search | Drywall Repair,121.12,375,25,2
2025-08-09,Google Ads,Google Ads,Search | Minor Remodeling,21.06,38,2,0
2025-08-09,Meta,Facebook Ads,Meta | Home Refresh,83.62,2449,33,1
2025-08-09,Meta,Facebook Ads,Meta | Free Estimate,68.65,1430,30,1
2025-08-10,Google Ads,Google Ads,Search | Interior Painting,533.4,1020,69,4
2025-08-10,Google Ads,Google Ads,Search | Exterior Painting,358.85,805,44,3
2025-08-10,Google Ads,Google Ads,Search | Cabinet Painting,27.25,72,5,0
2025-08-10,Google Ads,Google Ads,Search | Drywall Repair,35.78,79,6,0
2025-08-10,Google Ads,Google Ads,Search | Minor Remodeling,122.62,211,12,1
2025-08-10,Meta,Facebook Ads,Meta | Home Refresh,25.21,484,9,0
2025-08-10,Meta,Facebook Ads,Meta | Free Estimate,39.9,981,19,0
2025-08-11,Google Ads,Google Ads,Search | Interior Painting,9.44,17,1,0
2025-08-11,Google Ads,Google Ads,Search | Exterior Painting,43.83,106,6,0
2025-08-11,Google Ads,Google Ads,Search | Cabinet Painting,84.74,171,13,1
2025-08-11,Google Ads,Google Ads,Search | Drywall Repair,88.31,196,15,1
2025-08-11,Google Ads,Google Ads,Search | Minor Remodeling,367.23,966,49,2
2025-08-11,Meta,Facebook Ads,Meta | Home Refresh,5.0,123,2,0
2025-08-11,Meta,Facebook Ads,Meta | Free Estimate,78.01,1571,33,1
2025-08-12,Google Ads,Google Ads,Search | Interior Painting,400.63,917,61,4
2025-08-12,Google Ads,Google Ads,Search | Exterior Painting,349.83,758,45,3
2025-08-12,Google Ads,Google Ads,Search | Cabinet Painting,63.88,154,10,0
2025-08-12,Google Ads,Google Ads,Search | Drywall Repair,146.53,468,33,2
2025-08-12,Google Ads,Google Ads,Search | Minor Remodeling,290.53,478,33,2
2025-08-12,Meta,Facebook Ads,Meta | Home Refresh,241.97,5245,89,4
2025-08-12,Meta,Facebook Ads,Meta | Free Estimate,12.27,205,5,0
2025-08-13,Google Ads,Google Ads,Search | Interior Painting,301.1,674,43,3
2025-08-13,Google Ads,Google Ads,Search | Exterior Painting,8.47,17,1,0
2025-08-13,Google Ads,Google Ads,Search | Cabinet Painting,187.57,386,28,2
2025-08-13,Google Ads,Google Ads,Search | Drywall Repair,5.0,13,1,0
2025-08-13,Google Ads,Google Ads,Search | Minor Remodeling,11.86,17,1,0
2025-08-13,Meta,Facebook Ads,Meta | Home Refresh,5.81,119,2,1
2025-08-13,Meta,Facebook Ads,Meta | Free Estimate,166.83,3324,75,3
2025-08-14,Google Ads,Google Ads,Search | Interior Painting,304.76,773,41,4
2025-08-14,Google Ads,Google Ads,Search | Exterior Painting,557.84,993,64,4
2025-08-14,Google Ads,Google Ads,Search | Cabinet Painting,100.41,308,19,1
2025-08-14,Google Ads,Google Ads,Search | Drywall Repair,14.84,42,3,0
2025-08-14,Google Ads,Google Ads,Search | Minor Remodeling,22.33,32,2,0
2025-08-14,Meta,Facebook Ads,Meta | Home Refresh,238.69,5905,95,1
2025-08-14,Meta,Facebook Ads,Meta | Free Estimate,149.18,3162,64,2
2025-08-15,Google Ads,Google Ads,Search | Interior Painting,123.05,243,16,1
2025-08-15,Google Ads,Google Ads,Search | Exterior Painting,575.86,1065,66,3
2025-08-15,Google Ads,Google Ads,Search | Cabinet Painting,8.09,13,1,1
2025-08-15,Google Ads,Google Ads,Search | Drywall Repair,115.76,299,21,1
2025-08-15,Google Ads,Google Ads,Search | Minor Remodeling,105.36,229,12,2
2025-08-15,Meta,Facebook Ads,Meta | Home Refresh,189.22,3392,57,2
2025-08-15,Meta,Facebook Ads,Meta | Free Estimate,147.04,3556,67,2
2025-08-16,Google Ads,Google Ads,Search | Interior Painting,202.73,416,29,2
2025-08-16,Google Ads,Google Ads,Search | Exterior Painting,234.22,539,31,2
2025-08-16,Google Ads,Google Ads,Search | Cabinet Painting,78.83,166,11,1
2025-08-16,Google Ads,Google Ads,Search | Drywall Repair,170.55,413,27,2
2025-08-16,Google Ads,Google Ads,Search | Minor Remodeling,138.44,228,12,1
2025-08-16,Meta,Facebook Ads,Meta | Home Refresh,76.82,1782,29,1
2025-08-16,Meta,Facebook Ads,Meta | Free Estimate,259.81,5000,101,4
2025-08-17,Google Ads,Google Ads,Search | Interior Painting,215.42,591,32,2
2025-08-17,Google Ads,Google Ads,Search | Exterior Painting,355.4,822,48,2
2025-08-17,Google Ads,Google Ads,Search | Cabinet Painting,153.21,363,22,1
2025-08-17,Google Ads,Google Ads,Search | Drywall Repair,268.06,529,45,3
2025-08-17,Google Ads,Google Ads,Search | Minor Remodeling,290.43,540,29,1
2025-08-17,Meta,Facebook Ads,Meta | Home Refresh,5.0,117,2,0
2025-08-17,Meta,Facebook Ads,Meta | Free Estimate,117.07,2594,54,1
2025-08-18,Google Ads,Google Ads,Search | Interior Painting,256.57,667,37,3
2025-08-18,Google Ads,Google Ads,Search | Exterior Painting,198.22,455,24,2
2025-08-18,Google Ads,Google Ads,Search | Cabinet Painting,16.38,43,3,0
2025-08-18,Google Ads,Google Ads,Search | Drywall Repair,7.92,17,1,0
2025-08-18,Google Ads,Google Ads,Search | Minor Remodeling,362.94,689,41,2
2025-08-18,Meta,Facebook Ads,Meta | Home Refresh,69.01,1359,22,1
2025-08-18,Meta,Facebook Ads,Meta | Free Estimate,78.07,2170,43,2
2025-08-19,Google Ads,Google Ads,Search | Interior Painting,405.62,746,53,4
2025-08-19,Google Ads,Google Ads,Search | Exterior Painting,363.3,681,40,3
2025-08-19,Google Ads,Google Ads,Search | Cabinet Painting,126.19,351,20,1
2025-08-19,Google Ads,Google Ads,Search | Drywall Repair,254.68,715,48,3
2025-08-19,Google Ads,Google Ads,Search | Minor Remodeling,107.78,245,12,0
2025-08-19,Meta,Facebook Ads,Meta | Home Refresh,82.36,1842,33,1
2025-08-19,Meta,Facebook Ads,Meta | Free Estimate,92.99,2052,42,3
2025-08-20,Google Ads,Google Ads,Search | Interior Painting,205.65,476,28,2
2025-08-20,Google Ads,Google Ads,Search | Exterior Painting,191.5,295,20,1
2025-08-20,Google Ads,Google Ads,Search | Cabinet Painting,129.65,308,20,1
2025-08-20,Google Ads,Google Ads,Search | Drywall Repair,94.96,269,19,1
2025-08-20,Google Ads,Google Ads,Search | Minor Remodeling,99.52,191,10,0
2025-08-20,Meta,Facebook Ads,Meta | Home Refresh,97.91,1948,30,1
2025-08-20,Meta,Facebook Ads,Meta | Free Estimate,265.55,6519,120,5
2025-08-21,Google Ads,Google Ads,Search | Interior Painting,45.89,112,7,0
2025-08-21,Google Ads,Google Ads,Search | Exterior Painting,17.72,33,2,0
2025-08-21,Google Ads,Google Ads,Search | Cabinet Painting,223.24,503,39,2
2025-08-21,Google Ads,Google Ads,Search | Drywall Repair,7.03,16,1,0
2025-08-21,Google Ads,Google Ads,Search | Minor Remodeling,16.17,36,2,0
2025-08-21,Meta,Facebook Ads,Meta | Home Refresh,125.58,3025,52,1
2025-08-21,Meta,Facebook Ads,Meta | Free Estimate,171.05,4287,90,2
2025-08-22,Google Ads,Google Ads,Search | Interior Painting,487.55,1236,73,5
2025-08-22,Google Ads,Google Ads,Search | Exterior Painting,383.59,784,42,3
2025-08-22,Google Ads,Google Ads,Search | Cabinet Painting,58.95,152,10,0
2025-08-22,Google Ads,Google Ads,Search | Drywall Repair,45.46,91,8,0
2025-08-22,Google Ads,Google Ads,Search | Minor Remodeling,172.21,325,19,1
2025-08-22,Meta,Facebook Ads,Meta | Home Refresh,201.28,4730,73,1
2025-08-22,Meta,Facebook Ads,Meta | Free Estimate,104.62,2132,51,2
2025-08-23,Google Ads,Google Ads,Search | Interior Painting,367.51,848,52,4
2025-08-23,Google Ads,Google Ads,Search | Exterior Painting,16.29,28,2,0
2025-08-23,Google Ads,Google Ads,Search | Cabinet Painting,171.11,392,26,2
2025-08-23,Google Ads,Google Ads,Search | Drywall Repair,307.93,912,63,3
2025-08-23,Google Ads,Google Ads,Search | Minor Remodeling,21.25,37,2,0
2025-08-23,Meta,Facebook Ads,Meta | Home Refresh,151.44,3275,57,2
2025-08-23,Meta,Facebook Ads,Meta | Free Estimate,20.86,438,10,0
2025-08-24,Google Ads,Google Ads,Search | Interior Painting,5.47,14,1,0
2025-08-24,Google Ads,Google Ads,Search | Exterior Painting,43.73,73,5,0
2025-08-24,Google Ads,Google Ads,Search | Cabinet Painting,164.34,402,24,0
2025-08-24,Google Ads,Google Ads,Search | Drywall Repair,152.75,371,28,2
2025-08-24,Google Ads,Google Ads,Search | Minor Remodeling,189.76,337,20,1
2025-08-24,Meta,Facebook Ads,Meta | Home Refresh,163.89,4009,62,2
2025-08-24,Meta,Facebook Ads,Meta | Free Estimate,6.43,166,3,0
2025-08-25,Google Ads,Google Ads,Search | Interior Painting,639.66,1444,91,6
2025-08-25,Google Ads,Google Ads,Search | Exterior Painting,250.74,453,28,3
2025-08-25,Google Ads,Google Ads,Search | Cabinet Painting,241.96,575,38,3
2025-08-25,Google Ads,Google Ads,Search | Drywall Repair,135.7,348,27,2
2025-08-25,Google Ads,Google Ads,Search | Minor Remodeling,323.05,620,34,2
2025-08-25,Meta,Facebook Ads,Meta | Home Refresh,71.88,1673,27,0
2025-08-25,Meta,Facebook Ads,Meta | Free Estimate,31.47,626,15,0
2025-08-26,Google Ads,Google Ads,Search | Interior Painting,15.96,44,3,0
2025-08-26,Google Ads,Google Ads,Search | Exterior Painting,250.27,398,25,2
2025-08-26,Google Ads,Google Ads,Search | Cabinet Painting,128.3,247,18,1
2025-08-26,Google Ads,Google Ads,Search | Drywall Repair,7.02,16,1,0
2025-08-26,Google Ads,Google Ads,Search | Minor Remodeling,125.27,218,11,1
2025-08-26,Meta,Facebook Ads,Meta | Home Refresh,125.89,2840,53,3
2025-08-26,Meta,Facebook Ads,Meta | Free Estimate,114.8,2438,49,1
2025-08-27,Google Ads,Google Ads,Search | Interior Painting,152.98,375,23,2
2025-08-27,Google Ads,Google Ads,Search | Exterior Painting,120.82,246,17,1
2025-08-27,Google Ads,Google Ads,Search | Cabinet Painting,47.81,115,8,0
2025-08-27,Google Ads,Google Ads,Search | Drywall Repair,13.99,46,3,0
2025-08-27,Google Ads,Google Ads,Search | Minor Remodeling,210.7,373,21,2
2025-08-27,Meta,Facebook Ads,Meta | Home Refresh,69.61,1116,20,2
2025-08-27,Meta,Facebook Ads,Meta | Free Estimate,117.71,2596,63,1
2025-08-28,Google Ads,Google Ads,Search | Interior Painting,133.81,268,20,1
2025-08-28,Google Ads,Google Ads,Search | Exterior Painting,116.49,223,15,1
2025-08-28,Google Ads,Google Ads,Search | Cabinet Painting,324.19,745,53,4
2025-08-28,Google Ads,Google Ads,Search | Drywall Repair,108.88,255,18,1
2025-08-28,Google Ads,Google Ads,Search | Minor Remodeling,151.4,318,17,0
2025-08-28,Meta,Facebook Ads,Meta | Home Refresh,211.67,3669,65,4
2025-08-28,Meta,Facebook Ads,Meta | Free Estimate,231.09,5403,113,3
2025-08-29,Google Ads,Google Ads,Search | Interior Painting,117.52,232,16,1
2025-08-29,Google Ads,Google Ads,Search | Exterior Painting,122.13,273,17,1
2025-08-29,Google Ads,Google Ads,Search | Cabinet Painting,57.39,117,8,0
2025-08-29,Google Ads,Google Ads,Search | Drywall Repair,168.97,420,35,2
2025-08-29,Google Ads,Google Ads,Search | Minor Remodeling,125.68,286,16,1
2025-08-29,Meta,Facebook Ads,Meta | Home Refresh,96.82,2242,38,2
2025-08-29,Meta,Facebook Ads,Meta | Free Estimate,41.88,1019,18,0
2025-08-30,Google Ads,Google Ads,Search | Interior Painting,178.75,365,25,2
2025-08-30,Google Ads,Google Ads,Search | Exterior Painting,156.48,341,20,1
2025-08-30,Google Ads,Google Ads,Search | Cabinet Painting,196.29,365,23,3
2025-08-30,Google Ads,Google Ads,Search | Drywall Repair,162.32,360,29,2
2025-08-30,Google Ads,Google Ads,Search | Minor Remodeling,9.35,19,1,0
2025-08-30,Meta,Facebook Ads,Meta | Home Refresh,84.36,2327,37,1
2025-08-30,Meta,Facebook Ads,Meta | Free Estimate,82.73,2223,43,1
2025-08-31,Google Ads,Google Ads,Search | Interior Painting,7.5,15,1,0
2025-08-31,Google Ads,Google Ads,Search | Exterior Painting,8.18,16,1,0
2025-08-31,Google Ads,Google Ads,Search | Cabinet Painting,231.41,557,33,2
2025-08-31,Google Ads,Google Ads,Search | Drywall Repair,131.43,382,25,2
2025-08-31,Google Ads,Google Ads,Search | Minor Remodeling,54.77,106,6,0
2025-08-31,Meta,Facebook Ads,Meta | Home Refresh,5.39,128,2,0
2025-08-31,Meta,Facebook Ads,Meta | Free Estimate,120.81,3211,61,1
2025-09-01,Google Ads,Google Ads,Search | Interior Painting,270.31,617,39,3
2025-09-01,Google Ads,Google Ads,Search | Exterior Painting,40.29,86,5,0
2025-09-01,Google Ads,Google Ads,Search | Cabinet Painting,17.09,46,3,0
2025-09-01,Google Ads,Google Ads,Search | Drywall Repair,183.44,492,35,3
2025-09-01,Google Ads,Google Ads,Search | Minor Remodeling,258.73,482,26,2
2025-09-01,Meta,Facebook Ads,Meta | Home Refresh,29.81,914,13,0
2025-09-01,Meta,Facebook Ads,Meta | Seasonal Promo,119.37,3231,56,1
2025-09-01,Meta,Facebook Ads,Meta | Free Estimate,20.24,530,11,0
2025-09-02,Google Ads,Google Ads,Search | Interior Painting,174.26,382,24,2
2025-09-02,Google Ads,Google Ads,Search | Exterior Painting,192.94,334,24,1
2025-09-02,Google Ads,Google Ads,Search | Cabinet Painting,39.17,78,5,0
2025-09-02,Google Ads,Google Ads,Search | Drywall Repair,128.6,322,24,1
2025-09-02,Google Ads,Google Ads,Search | Minor Remodeling,130.46,260,14,1
2025-09-02,Meta,Facebook Ads,Meta | Home Refresh,111.7,2265,37,1
2025-09-02,Meta,Facebook Ads,Meta | Seasonal Promo,120.35,3072,55,2
2025-09-02,Meta,Facebook Ads,Meta | Free Estimate,98.14,1924,42,2
2025-09-03,Google Ads,Google Ads,Search | Interior Painting,264.82,542,36,2
2025-09-03,Google Ads,Google Ads,Search | Exterior Painting,419.27,874,57,3
2025-09-03,Google Ads,Google Ads,Search | Cabinet Painting,33.08,92,6,0
2025-09-03,Google Ads,Google Ads,Search | Drywall Repair,125.96,290,21,2
2025-09-03,Google Ads,Google Ads,Search | Minor Remodeling,236.12,445,23,2
2025-09-03,Meta,Facebook Ads,Meta | Home Refresh,160.99,3284,57,2
2025-09-03,Meta,Facebook Ads,Meta | Seasonal Promo,165.52,3295,70,2
2025-09-03,Meta,Facebook Ads,Meta | Free Estimate,149.99,3086,69,2
2025-09-04,Google Ads,Google Ads,Search | Interior Painting,202.23,456,28,2
2025-09-04,Google Ads,Google Ads,Search | Exterior Painting,40.9,89,5,0
2025-09-04,Google Ads,Google Ads,Search | Cabinet Painting,148.18,330,20,1
2025-09-04,Google Ads,Google Ads,Search | Drywall Repair,12.75,26,2,0
2025-09-04,Google Ads,Google Ads,Search | Minor Remodeling,28.01,50,3,0
2025-09-04,Meta,Facebook Ads,Meta | Home Refresh,109.17,2511,40,0
2025-09-04,Meta,Facebook Ads,Meta | Seasonal Promo,18.31,412,8,0
2025-09-04,Meta,Facebook Ads,Meta | Free Estimate,378.1,8592,171,5
2025-09-05,Google Ads,Google Ads,Search | Interior Painting,14.57,32,2,0
2025-09-05,Google Ads,Google Ads,Search | Exterior Painting,26.35,70,4,0
2025-09-05,Google Ads,Google Ads,Search | Cabinet Painting,15.47,28,2,0
2025-09-05,Google Ads,Google Ads,Search | Drywall Repair,86.97,182,13,1
2025-09-05,Google Ads,Google Ads,Search | Minor Remodeling,5.0,20,1,0
2025-09-05,Meta,Facebook Ads,Meta | Home Refresh,164.82,3666,67,2
2025-09-05,Meta,Facebook Ads,Meta | Seasonal Promo,134.29,3166,60,2
2025-09-05,Meta,Facebook Ads,Meta | Free Estimate,50.15,1256,25,1
2025-09-06,Google Ads,Google Ads,Search | Interior Painting,33.0,54,4,0
2025-09-06,Google Ads,Google Ads,Search | Exterior Painting,13.45,32,2,0
2025-09-06,Google Ads,Google Ads,Search | Cabinet Painting,298.72,731,49,3
2025-09-06,Google Ads,Google Ads,Search | Drywall Repair,185.72,511,34,2
2025-09-06,Google Ads,Google Ads,Search | Minor Remodeling,133.06,299,15,2
2025-09-06,Meta,Facebook Ads,Meta | Home Refresh,38.7,817,15,0
2025-09-06,Meta,Facebook Ads,Meta | Seasonal Promo,34.93,626,13,0
2025-09-06,Meta,Facebook Ads,Meta | Free Estimate,76.54,1715,35,1
2025-09-07,Google Ads,Google Ads,Search | Interior Painting,232.99,435,32,3
2025-09-07,Google Ads,Google Ads,Search | Exterior Painting,252.7,521,31,2
2025-09-07,Google Ads,Google Ads,Search | Cabinet Painting,46.71,75,6,0
2025-09-07,Google Ads,Google Ads,Search | Drywall Repair,79.65,190,14,1
2025-09-07,Google Ads,Google Ads,Search | Minor Remodeling,43.54,76,4,0
2025-09-07,Meta,Facebook Ads,Meta | Home Refresh,32.63,567,11,0
2025-09-07,Meta,Facebook Ads,Meta | Seasonal Promo,78.79,1679,33,1
2025-09-07,Meta,Facebook Ads,Meta | Free Estimate,5.0,87,2,0
2025-09-08,Google Ads,Google Ads,Search | Interior Painting,323.05,547,38,3
2025-09-08,Google Ads,Google Ads,Search | Exterior Painting,157.02,297,18,1
2025-09-08,Google Ads,Google Ads,Search | Cabinet Painting,48.92,142,8,0
2025-09-08,Google Ads,Google Ads,Search | Drywall Repair,5.0,13,1,0
2025-09-08,Google Ads,Google Ads,Search | Minor Remodeling,25.65,51,3,0
2025-09-08,Meta,Facebook Ads,Meta | Home Refresh,283.74,6600,107,3
2025-09-08,Meta,Facebook Ads,Meta | Seasonal Promo,175.36,3077,71,2
2025-09-08,Meta,Facebook Ads,Meta | Free Estimate,69.09,1452,31,2
2025-09-09,Google Ads,Google Ads,Search | Interior Painting,262.28,535,35,4
2025-09-09,Google Ads,Google Ads,Search | Exterior Painting,114.51,275,15,1
2025-09-09,Google Ads,Google Ads,Search | Cabinet Painting,18.46,51,3,0
2025-09-09,Google Ads,Google Ads,Search | Drywall Repair,10.64,30,2,0
2025-09-09,Google Ads,Google Ads,Search | Minor Remodeling,156.8,292,16,1
2025-09-09,Meta,Facebook Ads,Meta | Home Refresh,5.0,113,2,0
2025-09-09,Meta,Facebook Ads,Meta | Seasonal Promo,91.64,1996,38,2
2025-09-09,Meta,Facebook Ads,Meta | Free Estimate,128.39,2551,57,2
2025-09-10,Google Ads,Google Ads,Search | Interior Painting,167.46,344,24,3
2025-09-10,Google Ads,Google Ads,Search | Exterior Painting,308.42,548,35,2
2025-09-10,Google Ads,Google Ads,Search | Cabinet Painting,216.93,472,30,2
2025-09-10,Google Ads,Google Ads,Search | Drywall Repair,153.72,430,27,1
2025-09-10,Google Ads,Google Ads,Search | Minor Remodeling,63.18,125,7,0
2025-09-10,Meta,Facebook Ads,Meta | Home Refresh,149.78,2859,56,1
2025-09-10,Meta,Facebook Ads,Meta | Seasonal Promo,111.65,2669,52,1
2025-09-10,Meta,Facebook Ads,Meta | Free Estimate,102.43,2362,51,1
2025-09-11,Google Ads,Google Ads,Search | Interior Painting,209.51,465,32,3
2025-09-11,Google Ads,Google Ads,Search | Exterior Painting,387.33,844,51,3
2025-09-11,Google Ads,Google Ads,Search | Cabinet Painting,11.33,30,2,0
2025-09-11,Google Ads,Google Ads,Search | Drywall Repair,23.35,57,4,0
2025-09-11,Google Ads,Google Ads,Search | Minor Remodeling,13.34,36,2,0
2025-09-11,Meta,Facebook Ads,Meta | Home Refresh,106.76,1994,34,1
2025-09-11,Meta,Facebook Ads,Meta | Seasonal Promo,18.02,430,8,0
2025-09-11,Meta,Facebook Ads,Meta | Free Estimate,47.48,1255,23,2
2025-09-12,Google Ads,Google Ads,Search | Interior Painting,529.28,1618,87,5
2025-09-12,Google Ads,Google Ads,Search | Exterior Painting,65.87,156,9,0
2025-09-12,Google Ads,Google Ads,Search | Cabinet Painting,287.5,658,47,3
2025-09-12,Google Ads,Google Ads,Search | Drywall Repair,131.25,324,23,0
2025-09-12,Google Ads,Google Ads,Search | Minor Remodeling,46.13,83,5,0
2025-09-12,Meta,Facebook Ads,Meta | Home Refresh,228.38,4346,79,2
2025-09-12,Meta,Facebook Ads,Meta | Seasonal Promo,258.82,5000,107,3
2025-09-12,Meta,Facebook Ads,Meta | Free Estimate,48.47,1516,26,0
2025-09-13,Google Ads,Google Ads,Search | Interior Painting,300.03,569,40,1
2025-09-13,Google Ads,Google Ads,Search | Exterior Painting,235.5,539,33,3
2025-09-13,Google Ads,Google Ads,Search | Cabinet Painting,7.63,16,1,0
2025-09-13,Google Ads,Google Ads,Search | Drywall Repair,9.67,26,2,0
2025-09-13,Google Ads,Google Ads,Search | Minor Remodeling,73.07,134,7,0
2025-09-13,Meta,Facebook Ads,Meta | Home Refresh,109.16,2062,30,1
2025-09-13,Meta,Facebook Ads,Meta | Seasonal Promo,61.09,1478,28,1
2025-09-13,Meta,Facebook Ads,Meta | Free Estimate,46.17,1113,22,0
2025-09-14,Google Ads,Google Ads,Search | Interior Painting,65.61,129,9,1
2025-09-14,Google Ads,Google Ads,Search | Exterior Painting,13.29,14,1,0
2025-09-14,Google Ads,Google Ads,Search | Cabinet Painting,327.93,731,51,3
2025-09-14,Google Ads,Google Ads,Search | Drywall Repair,7.38,15,1,0
2025-09-14,Google Ads,Google Ads,Search | Minor Remodeling,161.18,343,17,1
2025-09-14,Meta,Facebook Ads,Meta | Home Refresh,5.0,109,2,0
2025-09-14,Meta,Facebook Ads,Meta | Seasonal Promo,14.62,325,6,0
2025-09-14,Meta,Facebook Ads,Meta | Free Estimate,67.55,1684,38,1
2025-09-15,Google Ads,Google Ads,Search | Interior Painting,355.23,1247,68,2
2025-09-15,Google Ads,Google Ads,Search | Exterior Painting,254.31,571,31,2
2025-09-15,Google Ads,Google Ads,Search | Cabinet Painting,49.18,134,9,0
2025-09-15,Google Ads,Google Ads,Search | Drywall Repair,73.25,152,11,1
2025-09-15,Google Ads,Google Ads,Search | Minor Remodeling,123.52,246,12,1
2025-09-15,Meta,Facebook Ads,Meta | Home Refresh,93.4,1801,34,1
2025-09-15,Meta,Facebook Ads,Meta | Seasonal Promo,63.54,1635,26,1
2025-09-15,Meta,Facebook Ads,Meta | Free Estimate,218.22,4387,98,4
2025-09-16,Google Ads,Google Ads,Search | Interior Painting,307.49,677,39,2
2025-09-16,Google Ads,Google Ads,Search | Exterior Painting,31.78,84,5,0
2025-09-16,Google Ads,Google Ads,Search | Cabinet Painting,29.56,66,4,0
2025-09-16,Google Ads,Google Ads,Search | Drywall Repair,100.41,400,24,1
2025-09-16,Google Ads,Google Ads,Search | Minor Remodeling,35.35,79,4,0
2025-09-16,Meta,Facebook Ads,Meta | Home Refresh,104.62,2198,35,1
2025-09-16,Meta,Facebook Ads,Meta | Seasonal Promo,190.03,3968,71,4
2025-09-16,Meta,Facebook Ads,Meta | Free Estimate,162.66,3916,88,3
2025-09-17,Google Ads,Google Ads,Search | Interior Painting,229.9,435,32,2
2025-09-17,Google Ads,Google Ads,Search | Exterior Painting,21.65,51,3,0
2025-09-17,Google Ads,Google Ads,Search | Cabinet Painting,11.32,35,2,0
2025-09-17,Google Ads,Google Ads,Search | Drywall Repair,5.0,14,1,0
2025-09-17,Google Ads,Google Ads,Search | Minor Remodeling,99.02,179,10,0
2025-09-17,Meta,Facebook Ads,Meta | Home Refresh,269.97,5742,106,6
2025-09-17,Meta,Facebook Ads,Meta | Seasonal Promo,105.74,2979,52,1
2025-09-17,Meta,Facebook Ads,Meta | Free Estimate,62.04,1709,35,1
2025-09-18,Google Ads,Google Ads,Search | Interior Painting,355.23,582,42,3
2025-09-18,Google Ads,Google Ads,Search | Exterior Painting,237.01,390,25,2
2025-09-18,Google Ads,Google Ads,Search | Cabinet Painting,22.16,46,3,0
2025-09-18,Google Ads,Google Ads,Search | Drywall Repair,158.08,554,34,1
2025-09-18,Google Ads,Google Ads,Search | Minor Remodeling,138.67,275,14,1
2025-09-18,Meta,Facebook Ads,Meta | Home Refresh,6.47,130,2,0
2025-09-18,Meta,Facebook Ads,Meta | Seasonal Promo,23.47,428,10,0
2025-09-18,Meta,Facebook Ads,Meta | Free Estimate,111.76,2714,59,2
2025-09-19,Google Ads,Google Ads,Search | Interior Painting,259.67,695,41,4
2025-09-19,Google Ads,Google Ads,Search | Exterior Painting,413.5,958,52,4
2025-09-19,Google Ads,Google Ads,Search | Cabinet Painting,87.02,212,13,0
2025-09-19,Google Ads,Google Ads,Search | Drywall Repair,66.28,163,11,1
2025-09-19,Google Ads,Google Ads,Search | Minor Remodeling,209.77,480,27,1
2025-09-19,Meta,Facebook Ads,Meta | Home Refresh,282.3,6041,99,3
2025-09-19,Meta,Facebook Ads,Meta | Seasonal Promo,212.27,4311,87,1
2025-09-19,Meta,Facebook Ads,Meta | Free Estimate,97.5,2184,48,2
2025-09-20,Google Ads,Google Ads,Search | Interior Painting,194.14,338,27,1
2025-09-20,Google Ads,Google Ads,Search | Exterior Painting,195.22,388,27,2
2025-09-20,Google Ads,Google Ads,Search | Cabinet Painting,131.19,287,20,1
2025-09-20,Google Ads,Google Ads,Search | Drywall Repair,121.84,304,21,2
2025-09-20,Google Ads,Google Ads,Search | Minor Remodeling,101.86,213,11,0
2025-09-20,Meta,Facebook Ads,Meta | Home Refresh,84.51,1858,30,1
2025-09-20,Meta,Facebook Ads,Meta | Seasonal Promo,65.32,1449,26,1
2025-09-20,Meta,Facebook Ads,Meta | Free Estimate,11.54,181,4,0
2025-09-21,Google Ads,Google Ads,Search | Interior Painting,190.88,340,26,1
2025-09-21,Google Ads,Google Ads,Search | Exterior Painting,96.19,188,11,1
2025-09-21,Google Ads,Google Ads,Search | Cabinet Painting,25.35,58,4,0
2025-09-21,Google Ads,Google Ads,Search | Drywall Repair,102.63,244,20,1
2025-09-21,Google Ads,Google Ads,Search | Minor Remodeling,23.42,57,3,0
2025-09-21,Meta,Facebook Ads,Meta | Home Refresh,14.07,291,5,0
2025-09-21,Meta,Facebook Ads,Meta | Seasonal Promo,5.95,148,3,0
2025-09-21,Meta,Facebook Ads,Meta | Free Estimate,33.61,716,15,0
2025-09-22,Google Ads,Google Ads,Search | Interior Painting,374.39,780,51,3
2025-09-22,Google Ads,Google Ads,Search | Exterior Painting,161.39,369,24,2
2025-09-22,Google Ads,Google Ads,Search | Cabinet Painting,220.43,461,32,2
2025-09-22,Google Ads,Google Ads,Search | Drywall Repair,55.52,124,10,1
2025-09-22,Google Ads,Google Ads,Search | Minor Remodeling,210.78,362,20,1
2025-09-22,Meta,Facebook Ads,Meta | Home Refresh,5.0,114,2,0
2025-09-22,Meta,Facebook Ads,Meta | Seasonal Promo,126.9,2714,53,2
2025-09-22,Meta,Facebook Ads,Meta | Free Estimate,141.51,3852,74,2
2025-09-23,Google Ads,Google Ads,Search | Interior Painting,355.96,838,50,2
2025-09-23,Google Ads,Google Ads,Search | Exterior Painting,475.22,941,54,4
2025-09-23,Google Ads,Google Ads,Search | Cabinet Painting,12.15,29,2,0
2025-09-23,Google Ads,Google Ads,Search | Drywall Repair,94.26,297,19,1
2025-09-23,Google Ads,Google Ads,Search | Minor Remodeling,172.88,357,17,1
2025-09-23,Meta,Facebook Ads,Meta | Home Refresh,5.0,125,2,0
2025-09-23,Meta,Facebook Ads,Meta | Seasonal Promo,100.97,1914,35,1
2025-09-23,Meta,Facebook Ads,Meta | Free Estimate,85.74,1856,37,1
2025-09-24,Google Ads,Google Ads,Search | Interior Painting,423.71,1059,69,4
2025-09-24,Google Ads,Google Ads,Search | Exterior Painting,285.79,616,37,2
2025-09-24,Google Ads,Google Ads,Search | Cabinet Painting,36.81,73,5,0
2025-09-24,Google Ads,Google Ads,Search | Drywall Repair,83.01,214,15,1
2025-09-24,Google Ads,Google Ads,Search | Minor Remodeling,106.96,218,12,1
2025-09-24,Meta,Facebook Ads,Meta | Home Refresh,119.42,1977,37,2
2025-09-24,Meta,Facebook Ads,Meta | Seasonal Promo,38.42,885,16,0
2025-09-24,Meta,Facebook Ads,Meta | Free Estimate,13.16,348,7,0
2025-09-25,Google Ads,Google Ads,Search | Interior Painting,175.08,387,25,2
2025-09-25,Google Ads,Google Ads,Search | Exterior Painting,442.09,1053,64,4
2025-09-25,Google Ads,Google Ads,Search | Cabinet Painting,27.65,54,4,0
2025-09-25,Google Ads,Google Ads,Search | Drywall Repair,5.26,13,1,0
2025-09-25,Google Ads,Google Ads,Search | Minor Remodeling,166.47,307,18,0
2025-09-25,Meta,Facebook Ads,Meta | Home Refresh,144.21,2821,43,1
2025-09-25,Meta,Facebook Ads,Meta | Seasonal Promo,13.94,302,6,0
2025-09-25,Meta,Facebook Ads,Meta | Free Estimate,54.73,1391,28,0
2025-09-26,Google Ads,Google Ads,Search | Interior Painting,471.9,1143,69,5
2025-09-26,Google Ads,Google Ads,Search | Exterior Painting,235.89,431,26,2
2025-09-26,Google Ads,Google Ads,Search | Cabinet Painting,123.27,271,19,2
2025-09-26,Google Ads,Google Ads,Search | Drywall Repair,114.26,266,19,1
2025-09-26,Google Ads,Google Ads,Search | Minor Remodeling,15.84,35,2,0
2025-09-26,Meta,Facebook Ads,Meta | Home Refresh,113.4,2804,46,1
2025-09-26,Meta,Facebook Ads,Meta | Seasonal Promo,117.84,2584,48,3
2025-09-26,Meta,Facebook Ads,Meta | Free Estimate,74.91,1659,37,1
2025-09-27,Google Ads,Google Ads,Search | Interior Painting,92.61,236,14,1
2025-09-27,Google Ads,Google Ads,Search | Exterior Painting,433.53,782,50,4
2025-09-27,Google Ads,Google Ads,Search | Cabinet Painting,292.05,526,41,4
2025-09-27,Google Ads,Google Ads,Search | Drywall Repair,12.97,25,2,0
2025-09-27,Google Ads,Google Ads,Search | Minor Remodeling,208.12,423,24,1
2025-09-27,Meta,Facebook Ads,Meta | Home Refresh,73.12,1231,21,1
2025-09-27,Meta,Facebook Ads,Meta | Seasonal Promo,82.06,2493,44,1
2025-09-27,Meta,Facebook Ads,Meta | Free Estimate,129.46,3369,68,2
2025-09-28,Google Ads,Google Ads,Search | Interior Painting,193.89,512,29,2
2025-09-28,Google Ads,Google Ads,Search | Exterior Painting,85.5,177,11,1
2025-09-28,Google Ads,Google Ads,Search | Cabinet Painting,83.91,198,14,1
2025-09-28,Google Ads,Google Ads,Search | Drywall Repair,17.35,42,3,0
2025-09-28,Google Ads,Google Ads,Search | Minor Remodeling,186.91,368,19,1
2025-09-28,Meta,Facebook Ads,Meta | Home Refresh,32.77,557,10,0
2025-09-28,Meta,Facebook Ads,Meta | Seasonal Promo,5.0,175,3,0
2025-09-28,Meta,Facebook Ads,Meta | Free Estimate,19.32,482,10,0
2025-09-29,Google Ads,Google Ads,Search | Interior Painting,384.25,962,55,5
2025-09-29,Google Ads,Google Ads,Search | Exterior Painting,116.87,198,12,1
2025-09-29,Google Ads,Google Ads,Search | Cabinet Painting,367.29,896,60,2
2025-09-29,Google Ads,Google Ads,Search | Drywall Repair,94.91,224,15,0
2025-09-29,Google Ads,Google Ads,Search | Minor Remodeling,18.75,32,2,0
2025-09-29,Meta,Facebook Ads,Meta | Home Refresh,102.42,2071,39,1
2025-09-29,Meta,Facebook Ads,Meta | Seasonal Promo,10.96,246,5,0
2025-09-29,Meta,Facebook Ads,Meta | Free Estimate,55.99,1197,27,2
2025-09-30,Google Ads,Google Ads,Search | Interior Painting,381.04,707,48,4
2025-09-30,Google Ads,Google Ads,Search | Exterior Painting,227.26,443,29,2
2025-09-30,Google Ads,Google Ads,Search | Cabinet Painting,37.36,91,6,0
2025-09-30,Google Ads,Google Ads,Search | Drywall Repair,277.35,701,51,3
2025-09-30,Google Ads,Google Ads,Search | Minor Remodeling,32.71,76,4,0
2025-09-30,Meta,Facebook Ads,Meta | Home Refresh,132.51,3331,52,1
2025-09-30,Meta,Facebook Ads,Meta | Seasonal Promo,57.01,1382,27,1
2025-09-30,Meta,Facebook Ads,Meta | Free Estimate,85.04,1764,41,1
2025-10-01,Google Ads,Google Ads,Search | Interior Painting,43.31,90,6,0
2025-10-01,Google Ads,Google Ads,Search | Exterior Painting,302.28,655,33,2
2025-10-01,Google Ads,Google Ads,Search | Cabinet Painting,55.7,150,9,0
2025-10-01,Google Ads,Google Ads,Search | Drywall Repair,63.25,135,10,0
2025-10-01,Google Ads,Google Ads,Search | Minor Remodeling,51.88,95,5,0
2025-10-01,Meta,Facebook Ads,Meta | Home Refresh,27.31,665,10,0
2025-10-01,Meta,Facebook Ads,Meta | Seasonal Promo,132.9,2327,55,1
2025-10-01,Meta,Facebook Ads,Meta | Free Estimate,103.44,2164,43,3
2025-10-02,Google Ads,Google Ads,Search | Interior Painting,411.83,939,57,4
2025-10-02,Google Ads,Google Ads,Search | Exterior Painting,294.96,550,34,3
2025-10-02,Google Ads,Google Ads,Search | Cabinet Painting,77.51,158,12,1
2025-10-02,Google Ads,Google Ads,Search | Drywall Repair,149.56,308,23,1
2025-10-02,Google Ads,Google Ads,Search | Minor Remodeling,5.4,16,1,0
2025-10-02,Meta,Facebook Ads,Meta | Home Refresh,6.72,175,3,0
2025-10-02,Meta,Facebook Ads,Meta | Seasonal Promo,105.12,3055,53,2
2025-10-02,Meta,Facebook Ads,Meta | Free Estimate,194.75,3903,88,2
2025-10-03,Google Ads,Google Ads,Search | Interior Painting,145.24,307,21,1
2025-10-03,Google Ads,Google Ads,Search | Exterior Painting,263.59,603,34,1
2025-10-03,Google Ads,Google Ads,Search | Cabinet Painting,88.37,236,15,0
2025-10-03,Google Ads,Google Ads,Search | Drywall Repair,15.81,51,3,0
2025-10-03,Google Ads,Google Ads,Search | Minor Remodeling,19.64,41,2,0
2025-10-03,Meta,Facebook Ads,Meta | Home Refresh,123.64,2401,45,2
2025-10-03,Meta,Facebook Ads,Meta | Seasonal Promo,23.52,461,9,0
2025-10-03,Meta,Facebook Ads,Meta | Free Estimate,16.16,384,8,0
2025-10-04,Google Ads,Google Ads,Search | Interior Painting,42.82,113,7,0
2025-10-04,Google Ads,Google Ads,Search | Exterior Painting,246.27,496,29,2
2025-10-04,Google Ads,Google Ads,Search | Cabinet Painting,105.49,214,17,1
2025-10-04,Google Ads,Google Ads,Search | Drywall Repair,102.53,235,19,1
2025-10-04,Google Ads,Google Ads,Search | Minor Remodeling,27.06,57,3,0
2025-10-04,Meta,Facebook Ads,Meta | Home Refresh,96.73,1749,34,1
2025-10-04,Meta,Facebook Ads,Meta | Seasonal Promo,129.5,2908,59,2
2025-10-04,Meta,Facebook Ads,Meta | Free Estimate,167.32,4199,93,4
2025-10-05,Google Ads,Google Ads,Search | Interior Painting,146.93,252,18,1
2025-10-05,Google Ads,Google Ads,Search | Exterior Painting,162.97,358,21,1
2025-10-05,Google Ads,Google Ads,Search | Cabinet Painting,115.66,285,19,1
2025-10-05,Google Ads,Google Ads,Search | Drywall Repair,70.86,227,15,1
2025-10-05,Google Ads,Google Ads,Search | Minor Remodeling,243.36,335,21,2
2025-10-05,Meta,Facebook Ads,Meta | Home Refresh,9.57,238,4,0
2025-10-05,Meta,Facebook Ads,Meta | Seasonal Promo,70.29,1544,28,1
2025-10-05,Meta,Facebook Ads,Meta | Free Estimate,80.42,1801,38,1
2025-10-06,Google Ads,Google Ads,Search | Interior Painting,15.12,32,2,0
2025-10-06,Google Ads,Google Ads,Search | Exterior Painting,281.33,668,36,3
2025-10-06,Google Ads,Google Ads,Search | Cabinet Painting,137.99,288,19,1
2025-10-06,Google Ads,Google Ads,Search | Drywall Repair,13.25,29,2,0
2025-10-06,Google Ads,Google Ads,Search | Minor Remodeling,47.29,75,5,0
2025-10-06,Meta,Facebook Ads,Meta | Home Refresh,195.21,4270,68,2
2025-10-06,Meta,Facebook Ads,Meta | Seasonal Promo,89.79,2117,36,1
2025-10-06,Meta,Facebook Ads,Meta | Free Estimate,48.15,1025,22,0
2025-10-07,Google Ads,Google Ads,Search | Interior Painting,218.3,445,31,4
2025-10-07,Google Ads,Google Ads,Search | Exterior Painting,356.15,772,44,2
2025-10-07,Google Ads,Google Ads,Search | Cabinet Painting,6.8,15,1,0
2025-10-07,Google Ads,Google Ads,Search | Drywall Repair,117.74,267,21,1
2025-10-07,Google Ads,Google Ads,Search | Minor Remodeling,15.61,41,2,0
2025-10-07,Meta,Facebook Ads,Meta | Home Refresh,7.23,182,3,0
2025-10-07,Meta,Facebook Ads,Meta | Seasonal Promo,161.39,2896,63,2
2025-10-07,Meta,Facebook Ads,Meta | Free Estimate,153.07,3423,74,2
2025-10-08,Google Ads,Google Ads,Search | Interior Painting,453.04,952,69,5
2025-10-08,Google Ads,Google Ads,Search | Exterior Painting,708.92,1361,82,5
2025-10-08,Google Ads,Google Ads,Search | Cabinet Painting,22.18,50,3,0
2025-10-08,Google Ads,Google Ads,Search | Drywall Repair,92.64,234,17,1
2025-10-08,Google Ads,Google Ads,Search | Minor Remodeling,128.55,203,13,1
2025-10-08,Meta,Facebook Ads,Meta | Home Refresh,88.72,2069,40,1
2025-10-08,Meta,Facebook Ads,Meta | Seasonal Promo,19.14,492,9,0
2025-10-08,Meta,Facebook Ads,Meta | Free Estimate,75.24,2126,41,1
2025-10-09,Google Ads,Google Ads,Search | Interior Painting,163.89,471,27,2
2025-10-09,Google Ads,Google Ads,Search | Exterior Painting,494.29,1271,68,4
2025-10-09,Google Ads,Google Ads,Search | Cabinet Painting,206.85,398,31,3
2025-10-09,Google Ads,Google Ads,Search | Drywall Repair,54.18,154,10,1
2025-10-09,Google Ads,Google Ads,Search | Minor Remodeling,58.05,110,7,0
2025-10-09,Meta,Facebook Ads,Meta | Home Refresh,124.91,2537,44,2
2025-10-09,Meta,Facebook Ads,Meta | Seasonal Promo,424.53,8888,176,6
2025-10-09,Meta,Facebook Ads,Meta | Free Estimate,144.6,3231,67,1
2025-10-10,Google Ads,Google Ads,Search | Interior Painting,86.49,155,10,0
2025-10-10,Google Ads,Google Ads,Search | Exterior Painting,335.06,780,46,2
2025-10-10,Google Ads,Google Ads,Search | Cabinet Painting,84.21,194,14,1
2025-10-10,Google Ads,Google Ads,Search | Drywall Repair,96.11,264,18,1
2025-10-10,Google Ads,Google Ads,Search | Minor Remodeling,158.13,248,13,1
2025-10-10,Meta,Facebook Ads,Meta | Home Refresh,183.17,3190,56,3
2025-10-10,Meta,Facebook Ads,Meta | Seasonal Promo,453.06,9956,176,5
2025-10-10,Meta,Facebook Ads,Meta | Free Estimate,68.21,1529,33,0
2025-10-11,Google Ads,Google Ads,Search | Interior Painting,233.0,419,31,3
2025-10-11,Google Ads,Google Ads,Search | Exterior Painting,21.34,47,3,0
2025-10-11,Google Ads,Google Ads,Search | Cabinet Painting,105.71,235,16,0
2025-10-11,Google Ads,Google Ads,Search | Drywall Repair,70.44,168,13,0
2025-10-11,Google Ads,Google Ads,Search | Minor Remodeling,14.96,19,1,0
2025-10-11,Meta,Facebook Ads,Meta | Home Refresh,109.72,2571,43,1
2025-10-11,Meta,Facebook Ads,Meta | Seasonal Promo,76.26,1742,28,1
2025-10-11,Meta,Facebook Ads,Meta | Free Estimate,130.85,2318,56,2
2025-10-12,Google Ads,Google Ads,Search | Interior Painting,269.74,503,33,3
2025-10-12,Google Ads,Google Ads,Search | Exterior Painting,157.99,299,18,1
2025-10-12,Google Ads,Google Ads,Search | Cabinet Painting,11.58,31,2,0
2025-10-12,Google Ads,Google Ads,Search | Drywall Repair,145.94,382,27,1
2025-10-12,Google Ads,Google Ads,Search | Minor Remodeling,22.15,37,2,0
2025-10-12,Meta,Facebook Ads,Meta | Home Refresh,74.43,1508,24,1
2025-10-12,Meta,Facebook Ads,Meta | Seasonal Promo,66.13,1558,29,1
2025-10-12,Meta,Facebook Ads,Meta | Free Estimate,13.89,352,7,0
2025-10-13,Google Ads,Google Ads,Search | Interior Painting,325.2,722,48,3
2025-10-13,Google Ads,Google Ads,Search | Exterior Painting,58.04,126,8,0
2025-10-13,Google Ads,Google Ads,Search | Cabinet Painting,49.16,88,7,0
2025-10-13,Google Ads,Google Ads,Search | Drywall Repair,116.05,254,19,1
2025-10-13,Google Ads,Google Ads,Search | Minor Remodeling,485.1,880,55,2
2025-10-13,Meta,Facebook Ads,Meta | Home Refresh,115.45,2091,38,2
2025-10-13,Meta,Facebook Ads,Meta | Seasonal Promo,134.31,3084,57,1
2025-10-13,Meta,Facebook Ads,Meta | Free Estimate,127.96,2787,57,3
2025-10-14,Google Ads,Google Ads,Search | Interior Painting,253.02,640,37,4
2025-10-14,Google Ads,Google Ads,Search | Exterior Painting,351.74,647,40,3
2025-10-14,Google Ads,Google Ads,Search | Cabinet Painting,180.93,416,27,2
2025-10-14,Google Ads,Google Ads,Search | Drywall Repair,99.61,240,17,1
2025-10-14,Google Ads,Google Ads,Search | Minor Remodeling,127.43,204,12,1
2025-10-14,Meta,Facebook Ads,Meta | Home Refresh,340.77,7318,127,3
2025-10-14,Meta,Facebook Ads,Meta | Seasonal Promo,98.85,2314,41,1
2025-10-14,Meta,Facebook Ads,Meta | Free Estimate,89.66,1993,39,1
2025-10-15,Google Ads,Google Ads,Search | Interior Painting,373.02,797,56,4
2025-10-15,Google Ads,Google Ads,Search | Exterior Painting,348.84,641,37,3
2025-10-15,Google Ads,Google Ads,Search | Cabinet Painting,402.66,844,58,4
2025-10-15,Google Ads,Google Ads,Search | Drywall Repair,12.36,26,2,0
2025-10-15,Google Ads,Google Ads,Search | Minor Remodeling,145.12,254,14,0
2025-10-15,Meta,Facebook Ads,Meta | Home Refresh,18.35,346,6,0
2025-10-15,Meta,Facebook Ads,Meta | Seasonal Promo,5.0,109,2,0
2025-10-15,Meta,Facebook Ads,Meta | Free Estimate,5.66,141,3,0
2025-10-16,Google Ads,Google Ads,Search | Interior Painting,168.27,293,23,2
2025-10-16,Google Ads,Google Ads,Search | Exterior Painting,139.27,317,17,1
2025-10-16,Google Ads,Google Ads,Search | Cabinet Painting,234.5,548,32,3
2025-10-16,Google Ads,Google Ads,Search | Drywall Repair,108.12,258,18,1
2025-10-16,Google Ads,Google Ads,Search | Minor Remodeling,70.77,105,6,0
2025-10-16,Meta,Facebook Ads,Meta | Home Refresh,40.67,780,16,1
2025-10-16,Meta,Facebook Ads,Meta | Seasonal Promo,166.32,3388,68,1
2025-10-16,Meta,Facebook Ads,Meta | Free Estimate,149.25,2808,58,2
2025-10-17,Google Ads,Google Ads,Search | Interior Painting,318.07,546,43,4
2025-10-17,Google Ads,Google Ads,Search | Exterior Painting,134.28,255,16,2
2025-10-17,Google Ads,Google Ads,Search | Cabinet Painting,5.0,16,1,0
2025-10-17,Google Ads,Google Ads,Search | Drywall Repair,193.9,526,38,1
2025-10-17,Google Ads,Google Ads,Search | Minor Remodeling,67.68,123,7,0
2025-10-17,Meta,Facebook Ads,Meta | Home Refresh,138.62,3341,56,2
2025-10-17,Meta,Facebook Ads,Meta | Seasonal Promo,107.82,2930,56,2
2025-10-17,Meta,Facebook Ads,Meta | Free Estimate,239.01,5784,120,4
2025-10-18,Google Ads,Google Ads,Search | Interior Painting,11.86,33,2,0
2025-10-18,Google Ads,Google Ads,Search | Exterior Painting,463.42,1014,56,4
2025-10-18,Google Ads,Google Ads,Search | Cabinet Painting,310.13,763,51,3
2025-10-18,Google Ads,Google Ads,Search | Drywall Repair,5.0,14,1,0
2025-10-18,Google Ads,Google Ads,Search | Minor Remodeling,54.9,94,5,0
2025-10-18,Meta,Facebook Ads,Meta | Home Refresh,39.86,628,11,0
2025-10-18,Meta,Facebook Ads,Meta | Seasonal Promo,72.5,1758,32,1
2025-10-18,Meta,Facebook Ads,Meta | Free Estimate,58.53,1519,28,0
2025-10-19,Google Ads,Google Ads,Search | Interior Painting,40.75,93,5,0
2025-10-19,Google Ads,Google Ads,Search | Exterior Painting,265.94,600,37,2
2025-10-19,Google Ads,Google Ads,Search | Cabinet Painting,124.77,202,16,1
2025-10-19,Google Ads,Google Ads,Search | Drywall Repair,6.6,32,2,0
2025-10-19,Google Ads,Google Ads,Search | Minor Remodeling,5.97,19,1,0
2025-10-19,Meta,Facebook Ads,Meta | Home Refresh,29.81,614,10,0
2025-10-19,Meta,Facebook Ads,Meta | Seasonal Promo,127.85,2636,54,2
2025-10-19,Meta,Facebook Ads,Meta | Free Estimate,55.49,1225,27,1
2025-10-20,Google Ads,Google Ads,Search | Interior Painting,234.81,449,31,2
2025-10-20,Google Ads,Google Ads,Search | Exterior Painting,225.7,591,30,2
2025-10-20,Google Ads,Google Ads,Search | Cabinet Painting,121.89,280,20,1
2025-10-20,Google Ads,Google Ads,Search | Drywall Repair,45.55,98,7,0
2025-10-20,Google Ads,Google Ads,Search | Minor Remodeling,333.01,1055,49,2
2025-10-20,Meta,Facebook Ads,Meta | Home Refresh,198.64,5444,88,4
2025-10-20,Meta,Facebook Ads,Meta | Seasonal Promo,191.79,3866,73,2
2025-10-20,Meta,Facebook Ads,Meta | Free Estimate,122.23,2518,51,2
2025-10-21,Google Ads,Google Ads,Search | Interior Painting,92.31,210,14,2
2025-10-21,Google Ads,Google Ads,Search | Exterior Painting,321.23,705,38,3
2025-10-21,Google Ads,Google Ads,Search | Cabinet Painting,16.79,48,3,0
2025-10-21,Google Ads,Google Ads,Search | Drywall Repair,89.97,276,16,1
2025-10-21,Google Ads,Google Ads,Search | Minor Remodeling,39.04,70,4,0
2025-10-21,Meta,Facebook Ads,Meta | Home Refresh,27.89,592,10,0
2025-10-21,Meta,Facebook Ads,Meta | Seasonal Promo,383.5,8778,167,4
2025-10-21,Meta,Facebook Ads,Meta | Free Estimate,25.66,552,12,0
2025-10-22,Google Ads,Google Ads,Search | Interior Painting,662.5,1692,97,7
2025-10-22,Google Ads,Google Ads,Search | Exterior Painting,224.41,484,28,1
2025-10-22,Google Ads,Google Ads,Search | Cabinet Painting,63.88,143,11,0
2025-10-22,Google Ads,Google Ads,Search | Drywall Repair,71.46,208,14,1
2025-10-22,Google Ads,Google Ads,Search | Minor Remodeling,202.02,456,22,2
2025-10-22,Meta,Facebook Ads,Meta | Home Refresh,14.26,228,4,0
2025-10-22,Meta,Facebook Ads,Meta | Seasonal Promo,158.58,3578,57,0
2025-10-22,Meta,Facebook Ads,Meta | Free Estimate,24.29,681,13,0
2025-10-23,Google Ads,Google Ads,Search | Interior Painting,387.57,940,56,3
2025-10-23,Google Ads,Google Ads,Search | Exterior Painting,296.79,634,39,2
2025-10-23,Google Ads,Google Ads,Search | Cabinet Painting,29.51,58,4,0
2025-10-23,Google Ads,Google Ads,Search | Drywall Repair,112.23,263,18,1
2025-10-23,Google Ads,Google Ads,Search | Minor Remodeling,74.68,123,7,0
2025-10-23,Meta,Facebook Ads,Meta | Home Refresh,110.01,2855,47,1
2025-10-23,Meta,Facebook Ads,Meta | Seasonal Promo,315.25,7331,138,2
2025-10-23,Meta,Facebook Ads,Meta | Free Estimate,184.76,4414,92,2
2025-10-24,Google Ads,Google Ads,Search | Interior Painting,90.57,189,12,1
2025-10-24,Google Ads,Google Ads,Search | Exterior Painting,349.14,930,55,2
2025-10-24,Google Ads,Google Ads,Search | Cabinet Painting,35.21,77,5,0
2025-10-24,Google Ads,Google Ads,Search | Drywall Repair,55.2,158,11,0
2025-10-24,Google Ads,Google Ads,Search | Minor Remodeling,183.75,283,18,1
2025-10-24,Meta,Facebook Ads,Meta | Home Refresh,68.28,1351,26,1
2025-10-24,Meta,Facebook Ads,Meta | Seasonal Promo,64.58,1662,29,1
2025-10-24,Meta,Facebook Ads,Meta | Free Estimate,82.98,2495,46,2
2025-10-25,Google Ads,Google Ads,Search | Interior Painting,264.47,649,37,2
2025-10-25,Google Ads,Google Ads,Search | Exterior Painting,219.76,365,24,2
2025-10-25,Google Ads,Google Ads,Search | Cabinet Painting,49.03,123,8,0
2025-10-25,Google Ads,Google Ads,Search | Drywall Repair,172.18,444,32,2
2025-10-25,Google Ads,Google Ads,Search | Minor Remodeling,50.26,91,5,0
2025-10-25,Meta,Facebook Ads,Meta | Home Refresh,110.36,2232,40,1
2025-10-25,Meta,Facebook Ads,Meta | Seasonal Promo,157.42,4144,62,2
2025-10-25,Meta,Facebook Ads,Meta | Free Estimate,268.52,6372,136,3
2025-10-26,Google Ads,Google Ads,Search | Interior Painting,6.15,15,1,0
2025-10-26,Google Ads,Google Ads,Search | Exterior Painting,5.0,18,1,0
2025-10-26,Google Ads,Google Ads,Search | Cabinet Painting,195.81,438,33,2
2025-10-26,Google Ads,Google Ads,Search | Drywall Repair,158.31,336,28,2
2025-10-26,Google Ads,Google Ads,Search | Minor Remodeling,57.44,121,7,0
2025-10-26,Meta,Facebook Ads,Meta | Home Refresh,19.59,434,7,0
2025-10-26,Meta,Facebook Ads,Meta | Seasonal Promo,124.95,2980,50,1
2025-10-26,Meta,Facebook Ads,Meta | Free Estimate,5.0,98,2,0
2025-10-27,Google Ads,Google Ads,Search | Interior Painting,184.89,438,29,3
2025-10-27,Google Ads,Google Ads,Search | Exterior Painting,468.41,848,54,4
2025-10-27,Google Ads,Google Ads,Search | Cabinet Painting,161.76,391,25,2
2025-10-27,Google Ads,Google Ads,Search | Drywall Repair,249.7,661,43,3
2025-10-27,Google Ads,Google Ads,Search | Minor Remodeling,234.75,431,25,1
2025-10-27,Meta,Facebook Ads,Meta | Home Refresh,135.17,3102,54,2
2025-10-27,Meta,Facebook Ads,Meta | Seasonal Promo,215.31,4303,88,2
2025-10-27,Meta,Facebook Ads,Meta | Free Estimate,5.0,101,2,0
2025-10-28,Google Ads,Google Ads,Search | Interior Painting,326.89,732,46,3
2025-10-28,Google Ads,Google Ads,Search | Exterior Painting,210.09,351,24,1
2025-10-28,Google Ads,Google Ads,Search | Cabinet Painting,136.08,241,16,1
2025-10-28,Google Ads,Google Ads,Search | Drywall Repair,8.55,28,2,0
2025-10-28,Google Ads,Google Ads,Search | Minor Remodeling,127.99,252,13,1
2025-10-28,Meta,Facebook Ads,Meta | Home Refresh,247.84,4702,80,2
2025-10-28,Meta,Facebook Ads,Meta | Seasonal Promo,79.64,1662,34,3
2025-10-28,Meta,Facebook Ads,Meta | Free Estimate,58.87,1482,29,1
2025-10-29,Google Ads,Google Ads,Search | Interior Painting,146.3,357,23,1
2025-10-29,Google Ads,Google Ads,Search | Exterior Painting,443.7,977,61,4
2025-10-29,Google Ads,Google Ads,Search | Cabinet Painting,352.65,684,49,4
2025-10-29,Google Ads,Google Ads,Search | Drywall Repair,165.66,482,30,2
2025-10-29,Google Ads,Google Ads,Search | Minor Remodeling,232.47,408,21,1
2025-10-29,Meta,Facebook Ads,Meta | Home Refresh,305.37,6290,106,5
2025-10-29,Meta,Facebook Ads,Meta | Seasonal Promo,21.59,537,10,0
2025-10-29,Meta,Facebook Ads,Meta | Free Estimate,162.99,3827,75,2
2025-10-30,Google Ads,Google Ads,Search | Interior Painting,154.44,381,22,2
2025-10-30,Google Ads,Google Ads,Search | Exterior Painting,92.25,154,9,1
2025-10-30,Google Ads,Google Ads,Search | Cabinet Painting,32.67,72,5,0
2025-10-30,Google Ads,Google Ads,Search | Drywall Repair,97.29,235,16,1
2025-10-30,Google Ads,Google Ads,Search | Minor Remodeling,413.87,817,47,2
2025-10-30,Meta,Facebook Ads,Meta | Home Refresh,69.08,1690,27,1
2025-10-30,Meta,Facebook Ads,Meta | Seasonal Promo,118.85,2301,38,1
2025-10-30,Meta,Facebook Ads,Meta | Free Estimate,13.41,372,8,0
2025-10-31,Google Ads,Google Ads,Search | Interior Painting,16.9,25,2,0
2025-10-31,Google Ads,Google Ads,Search | Exterior Painting,361.78,910,52,3
2025-10-31,Google Ads,Google Ads,Search | Cabinet Painting,103.0,284,17,1
2025-10-31,Google Ads,Google Ads,Search | Drywall Repair,29.1,82,6,0
2025-10-31,Google Ads,Google Ads,Search | Minor Remodeling,138.96,296,15,1
2025-10-31,Meta,Facebook Ads,Meta | Home Refresh,150.9,3366,62,1
2025-10-31,Meta,Facebook Ads,Meta | Seasonal Promo,81.67,1937,37,2
2025-10-31,Meta,Facebook Ads,Meta | Free Estimate,324.9,7278,159,4
2025-11-01,Google Ads,Google Ads,Search | Interior Painting,142.79,479,23,1
2025-11-01,Google Ads,Google Ads,Search | Exterior Painting,336.48,824,46,2
2025-11-01,Google Ads,Google Ads,Search | Cabinet Painting,9.45,15,1,0
2025-11-01,Google Ads,Google Ads,Search | Drywall Repair,5.0,14,1,0
2025-11-01,Google Ads,Google Ads,Search | Minor Remodeling,111.06,247,12,1
2025-11-01,Meta,Facebook Ads,Meta | Home Refresh,34.93,751,13,0
2025-11-01,Meta,Facebook Ads,Meta | Free Estimate,74.58,1639,35,1
2025-11-02,Google Ads,Google Ads,Search | Interior Painting,276.77,588,34,2
2025-11-02,Google Ads,Google Ads,Search | Exterior Painting,167.95,356,21,1
2025-11-02,Google Ads,Google Ads,Search | Cabinet Painting,110.07,240,18,1
2025-11-02,Google Ads,Google Ads,Search | Drywall Repair,76.77,240,15,1
2025-11-02,Google Ads,Google Ads,Search | Minor Remodeling,122.08,277,13,1
2025-11-02,Meta,Facebook Ads,Meta | Home Refresh,8.74,168,3,0
2025-11-02,Meta,Facebook Ads,Meta | Free Estimate,7.74,175,4,0
2025-11-03,Google Ads,Google Ads,Search | Interior Painting,106.97,282,17,1
2025-11-03,Google Ads,Google Ads,Search | Exterior Painting,121.03,160,11,1
2025-11-03,Google Ads,Google Ads,Search | Cabinet Painting,236.47,567,39,2
2025-11-03,Google Ads,Google Ads,Search | Drywall Repair,185.53,533,32,2
2025-11-03,Google Ads,Google Ads,Search | Minor Remodeling,44.35,84,5,0
2025-11-03,Meta,Facebook Ads,Meta | Home Refresh,190.95,4449,72,2
2025-11-03,Meta,Facebook Ads,Meta | Free Estimate,77.85,2259,44,2
2025-11-04,Google Ads,Google Ads,Search | Interior Painting,331.59,603,39,3
2025-11-04,Google Ads,Google Ads,Search | Exterior Painting,21.62,43,3,0
2025-11-04,Google Ads,Google Ads,Search | Cabinet Painting,120.87,354,21,1
2025-11-04,Google Ads,Google Ads,Search | Drywall Repair,9.56,31,2,0
2025-11-04,Google Ads,Google Ads,Search | Minor Remodeling,6.81,18,1,0
2025-11-04,Meta,Facebook Ads,Meta | Home Refresh,32.24,727,13,0
2025-11-04,Meta,Facebook Ads,Meta | Free Estimate,176.5,4515,101,4
2025-11-05,Google Ads,Google Ads,Search | Interior Painting,31.41,68,4,0
2025-11-05,Google Ads,Google Ads,Search | Exterior Painting,572.5,1284,73,4
2025-11-05,Google Ads,Google Ads,Search | Cabinet Painting,112.42,271,16,1
2025-11-05,Google Ads,Google Ads,Search | Drywall Repair,5.0,14,1,0
2025-11-05,Google Ads,Google Ads,Search | Minor Remodeling,44.93,69,4,0
2025-11-05,Meta,Facebook Ads,Meta | Home Refresh,109.39,1910,31,1
2025-11-05,Meta,Facebook Ads,Meta | Free Estimate,234.78,5485,128,3
2025-11-06,Google Ads,Google Ads,Search | Interior Painting,460.66,892,61,2
2025-11-06,Google Ads,Google Ads,Search | Exterior Painting,130.07,296,15,1
2025-11-06,Google Ads,Google Ads,Search | Cabinet Painting,21.37,44,3,0
2025-11-06,Google Ads,Google Ads,Search | Drywall Repair,175.33,360,25,2
2025-11-06,Google Ads,Google Ads,Search | Minor Remodeling,190.01,340,19,1
2025-11-06,Meta,Facebook Ads,Meta | Home Refresh,119.1,2613,43,1
2025-11-06,Meta,Facebook Ads,Meta | Free Estimate,78.79,1680,36,1
2025-11-07,Google Ads,Google Ads,Search | Interior Painting,234.52,515,36,2
2025-11-07,Google Ads,Google Ads,Search | Exterior Painting,275.74,574,33,2
2025-11-07,Google Ads,Google Ads,Search | Cabinet Painting,191.65,470,30,1
2025-11-07,Google Ads,Google Ads,Search | Drywall Repair,154.21,434,28,1
2025-11-07,Google Ads,Google Ads,Search | Minor Remodeling,91.12,177,10,0
2025-11-07,Meta,Facebook Ads,Meta | Home Refresh,108.18,2147,36,2
2025-11-07,Meta,Facebook Ads,Meta | Free Estimate,8.91,189,4,0
2025-11-08,Google Ads,Google Ads,Search | Interior Painting,191.84,374,25,3
2025-11-08,Google Ads,Google Ads,Search | Exterior Painting,337.81,635,39,3
2025-11-08,Google Ads,Google Ads,Search | Cabinet Painting,237.39,558,38,3
2025-11-08,Google Ads,Google Ads,Search | Drywall Repair,134.42,326,25,1
2025-11-08,Google Ads,Google Ads,Search | Minor Remodeling,156.86,282,15,0
2025-11-08,Meta,Facebook Ads,Meta | Home Refresh,194.49,3899,70,2
2025-11-08,Meta,Facebook Ads,Meta | Free Estimate,86.86,2303,52,1
2025-11-09,Google Ads,Google Ads,Search | Interior Painting,242.13,608,35,3
2025-11-09,Google Ads,Google Ads,Search | Exterior Painting,182.08,355,20,1
2025-11-09,Google Ads,Google Ads,Search | Cabinet Painting,5.0,14,1,0
2025-11-09,Google Ads,Google Ads,Search | Drywall Repair,5.0,14,1,0
2025-11-09,Google Ads,Google Ads,Search | Minor Remodeling,169.94,372,21,1
2025-11-09,Meta,Facebook Ads,Meta | Home Refresh,58.14,1220,22,2
2025-11-09,Meta,Facebook Ads,Meta | Free Estimate,63.09,1166,28,0
2025-11-10,Google Ads,Google Ads,Search | Interior Painting,501.99,1036,64,5
2025-11-10,Google Ads,Google Ads,Search | Exterior Painting,302.84,520,31,3
2025-11-10,Google Ads,Google Ads,Search | Cabinet Painting,286.64,782,50,2
2025-11-10,Google Ads,Google Ads,Search | Drywall Repair,97.7,304,19,1
2025-11-10,Google Ads,Google Ads,Search | Minor Remodeling,170.03,307,15,1
2025-11-10,Meta,Facebook Ads,Meta | Home Refresh,238.64,4876,79,3
2025-11-10,Meta,Facebook Ads,Meta | Free Estimate,20.6,436,9,0
2025-11-11,Google Ads,Google Ads,Search | Interior Painting,181.39,347,25,2
2025-11-11,Google Ads,Google Ads,Search | Exterior Painting,294.06,570,37,1
2025-11-11,Google Ads,Google Ads,Search | Cabinet Painting,24.47,60,4,0
2025-11-11,Google Ads,Google Ads,Search | Drywall Repair,79.09,225,16,1
2025-11-11,Google Ads,Google Ads,Search | Minor Remodeling,33.91,75,4,0
2025-11-11,Meta,Facebook Ads,Meta | Home Refresh,139.3,3033,49,3
2025-11-11,Meta,Facebook Ads,Meta | Free Estimate,276.53,6241,124,7
2025-11-12,Google Ads,Google Ads,Search | Interior Painting,159.96,326,23,2
2025-11-12,Google Ads,Google Ads,Search | Exterior Painting,198.91,471,27,2
2025-11-12,Google Ads,Google Ads,Search | Cabinet Painting,78.69,167,12,1
2025-11-12,Google Ads,Google Ads,Search | Drywall Repair,21.64,52,4,0
2025-11-12,Google Ads,Google Ads,Search | Minor Remodeling,439.82,1011,54,3
2025-11-12,Meta,Facebook Ads,Meta | Home Refresh,99.76,1989,33,1
2025-11-12,Meta,Facebook Ads,Meta | Free Estimate,80.22,2040,43,1
2025-11-13,Google Ads,Google Ads,Search | Interior Painting,310.9,793,53,3
2025-11-13,Google Ads,Google Ads,Search | Exterior Painting,284.06,817,41,2
2025-11-13,Google Ads,Google Ads,Search | Cabinet Painting,5.0,15,1,0
2025-11-13,Google Ads,Google Ads,Search | Drywall Repair,66.32,168,11,0
2025-11-13,Google Ads,Google Ads,Search | Minor Remodeling,99.71,185,11,0
2025-11-13,Meta,Facebook Ads,Meta | Home Refresh,30.66,519,9,0
2025-11-13,Meta,Facebook Ads,Meta | Free Estimate,105.98,2731,51,2
2025-11-14,Google Ads,Google Ads,Search | Interior Painting,225.77,422,31,3
2025-11-14,Google Ads,Google Ads,Search | Exterior Painting,178.4,387,22,1
2025-11-14,Google Ads,Google Ads,Search | Cabinet Painting,62.17,125,9,0
2025-11-14,Google Ads,Google Ads,Search | Drywall Repair,273.19,724,48,2
2025-11-14,Google Ads,Google Ads,Search | Minor Remodeling,129.35,282,14,1
2025-11-14,Meta,Facebook Ads,Meta | Home Refresh,7.66,139,3,0
2025-11-14,Meta,Facebook Ads,Meta | Free Estimate,37.44,904,19,0
2025-11-15,Google Ads,Google Ads,Search | Interior Painting,96.39,205,14,1
2025-11-15,Google Ads,Google Ads,Search | Exterior Painting,5.0,15,1,0
2025-11-15,Google Ads,Google Ads,Search | Cabinet Painting,112.65,279,18,1
2025-11-15,Google Ads,Google Ads,Search | Drywall Repair,178.88,471,32,2
2025-11-15,Google Ads,Google Ads,Search | Minor Remodeling,249.11,477,28,1
2025-11-15,Meta,Facebook Ads,Meta | Home Refresh,193.76,3787,71,2
2025-11-15,Meta,Facebook Ads,Meta | Free Estimate,5.0,90,2,0
2025-11-16,Google Ads,Google Ads,Search | Interior Painting,5.0,13,1,0
2025-11-16,Google Ads,Google Ads,Search | Exterior Painting,156.48,327,19,0
2025-11-16,Google Ads,Google Ads,Search | Cabinet Painting,130.17,292,19,1
2025-11-16,Google Ads,Google Ads,Search | Drywall Repair,250.35,560,42,2
2025-11-16,Google Ads,Google Ads,Search | Minor Remodeling,80.77,169,8,0
2025-11-16,Meta,Facebook Ads,Meta | Home Refresh,19.12,373,7,0
2025-11-16,Meta,Facebook Ads,Meta | Free Estimate,5.26,155,3,0
2025-11-17,Google Ads,Google Ads,Search | Interior Painting,450.58,816,61,4
2025-11-17,Google Ads,Google Ads,Search | Exterior Painting,12.51,32,2,0
2025-11-17,Google Ads,Google Ads,Search | Cabinet Painting,96.12,241,14,1
2025-11-17,Google Ads,Google Ads,Search | Drywall Repair,56.76,181,10,0
2025-11-17,Google Ads,Google Ads,Search | Minor Remodeling,30.54,49,3,0
2025-11-17,Meta,Facebook Ads,Meta | Home Refresh,53.14,1162,18,0
2025-11-17,Meta,Facebook Ads,Meta | Free Estimate,148.87,3297,72,3
2025-11-18,Google Ads,Google Ads,Search | Interior Painting,316.2,695,42,3
2025-11-18,Google Ads,Google Ads,Search | Exterior Painting,22.5,48,3,0
2025-11-18,Google Ads,Google Ads,Search | Cabinet Painting,306.41,774,55,3
2025-11-18,Google Ads,Google Ads,Search | Drywall Repair,5.74,16,1,0
2025-11-18,Google Ads,Google Ads,Search | Minor Remodeling,16.17,31,2,0
2025-11-18,Meta,Facebook Ads,Meta | Home Refresh,70.16,1499,25,1
2025-11-18,Meta,Facebook Ads,Meta | Free Estimate,125.63,2615,65,2
2025-11-19,Google Ads,Google Ads,Search | Interior Painting,315.46,747,48,3
2025-11-19,Google Ads,Google Ads,Search | Exterior Painting,72.4,132,8,0
2025-11-19,Google Ads,Google Ads,Search | Cabinet Painting,92.94,275,17,1
2025-11-19,Google Ads,Google Ads,Search | Drywall Repair,96.34,302,19,0
2025-11-19,Google Ads,Google Ads,Search | Minor Remodeling,271.53,465,25,1
2025-11-19,Meta,Facebook Ads,Meta | Home Refresh,87.35,2210,30,1
2025-11-19,Meta,Facebook Ads,Meta | Free Estimate,266.86,6752,131,4
2025-11-20,Google Ads,Google Ads,Search | Interior Painting,112.59,230,16,1
2025-11-20,Google Ads,Google Ads,Search | Exterior Painting,289.79,719,41,2
2025-11-20,Google Ads,Google Ads,Search | Cabinet Painting,191.44,495,33,2
2025-11-20,Google Ads,Google Ads,Search | Drywall Repair,97.51,208,15,1
2025-11-20,Google Ads,Google Ads,Search | Minor Remodeling,9.59,16,1,0
2025-11-20,Meta,Facebook Ads,Meta | Home Refresh,147.95,2729,52,2
2025-11-20,Meta,Facebook Ads,Meta | Free Estimate,149.53,3097,70,4
2025-11-21,Google Ads,Google Ads,Search | Interior Painting,186.59,348,25,0
2025-11-21,Google Ads,Google Ads,Search | Exterior Painting,196.38,301,19,1
2025-11-21,Google Ads,Google Ads,Search | Cabinet Painting,244.79,448,30,2
2025-11-21,Google Ads,Google Ads,Search | Drywall Repair,85.21,244,17,1
2025-11-21,Google Ads,Google Ads,Search | Minor Remodeling,48.18,117,6,0
2025-11-21,Meta,Facebook Ads,Meta | Home Refresh,115.45,2279,35,1
2025-11-21,Meta,Facebook Ads,Meta | Free Estimate,214.15,5690,118,3
2025-11-22,Google Ads,Google Ads,Search | Interior Painting,9.89,17,1,0
2025-11-22,Google Ads,Google Ads,Search | Exterior Painting,66.37,133,8,0
2025-11-22,Google Ads,Google Ads,Search | Cabinet Painting,222.17,538,37,2
2025-11-22,Google Ads,Google Ads,Search | Drywall Repair,143.41,317,23,2
2025-11-22,Google Ads,Google Ads,Search | Minor Remodeling,246.29,523,26,1
2025-11-22,Meta,Facebook Ads,Meta | Home Refresh,19.9,450,8,0
2025-11-22,Meta,Facebook Ads,Meta | Free Estimate,5.0,138,3,0
2025-11-23,Google Ads,Google Ads,Search | Interior Painting,20.92,44,3,0
2025-11-23,Google Ads,Google Ads,Search | Exterior Painting,16.27,32,2,0
2025-11-23,Google Ads,Google Ads,Search | Cabinet Painting,186.65,446,30,2
2025-11-23,Google Ads,Google Ads,Search | Drywall Repair,9.3,27,2,0
2025-11-23,Google Ads,Google Ads,Search | Minor Remodeling,25.73,59,3,0
2025-11-23,Meta,Facebook Ads,Meta | Home Refresh,31.26,611,11,0
2025-11-23,Meta,Facebook Ads,Meta | Free Estimate,39.88,757,18,0
2025-11-24,Google Ads,Google Ads,Search | Interior Painting,408.76,955,62,3
2025-11-24,Google Ads,Google Ads,Search | Exterior Painting,562.04,1177,68,4
2025-11-24,Google Ads,Google Ads,Search | Cabinet Painting,22.79,64,4,0
2025-11-24,Google Ads,Google Ads,Search | Drywall Repair,49.96,146,9,0
2025-11-24,Google Ads,Google Ads,Search | Minor Remodeling,168.68,279,17,2
2025-11-24,Meta,Facebook Ads,Meta | Home Refresh,141.86,2642,48,2
2025-11-24,Meta,Facebook Ads,Meta | Free Estimate,95.15,2172,45,3
2025-11-25,Google Ads,Google Ads,Search | Interior Painting,127.47,262,18,1
2025-11-25,Google Ads,Google Ads,Search | Exterior Painting,400.11,839,53,2
2025-11-25,Google Ads,Google Ads,Search | Cabinet Painting,35.59,99,6,0
2025-11-25,Google Ads,Google Ads,Search | Drywall Repair,120.2,309,22,2
2025-11-25,Google Ads,Google Ads,Search | Minor Remodeling,278.62,535,33,1
2025-11-25,Meta,Facebook Ads,Meta | Home Refresh,166.82,3344,53,3
2025-11-25,Meta,Facebook Ads,Meta | Free Estimate,46.09,1113,25,1
2025-11-26,Google Ads,Google Ads,Search | Interior Painting,273.22,580,38,2
2025-11-26,Google Ads,Google Ads,Search | Exterior Painting,144.76,380,23,1
2025-11-26,Google Ads,Google Ads,Search | Cabinet Painting,163.94,405,28,1
2025-11-26,Google Ads,Google Ads,Search | Drywall Repair,83.41,273,18,1
2025-11-26,Google Ads,Google Ads,Search | Minor Remodeling,28.25,54,3,0
2025-11-26,Meta,Facebook Ads,Meta | Home Refresh,382.43,9047,150,5
2025-11-26,Meta,Facebook Ads,Meta | Free Estimate,75.13,1698,34,1
2025-11-27,Google Ads,Google Ads,Search | Interior Painting,174.94,383,24,1
2025-11-27,Google Ads,Google Ads,Search | Exterior Painting,287.99,590,36,3
2025-11-27,Google Ads,Google Ads,Search | Cabinet Painting,112.43,326,21,1
2025-11-27,Google Ads,Google Ads,Search | Drywall Repair,97.59,242,19,1
2025-11-27,Google Ads,Google Ads,Search | Minor Remodeling,239.66,355,21,1
2025-11-27,Meta,Facebook Ads,Meta | Home Refresh,144.07,2864,53,2
2025-11-27,Meta,Facebook Ads,Meta | Free Estimate,145.08,3555,80,4
2025-11-28,Google Ads,Google Ads,Search | Interior Painting,431.99,1069,68,5
2025-11-28,Google Ads,Google Ads,Search | Exterior Painting,55.11,139,7,0
2025-11-28,Google Ads,Google Ads,Search | Cabinet Painting,117.2,239,15,1
2025-11-28,Google Ads,Google Ads,Search | Drywall Repair,87.07,253,17,1
2025-11-28,Google Ads,Google Ads,Search | Minor Remodeling,90.8,163,10,0
2025-11-28,Meta,Facebook Ads,Meta | Home Refresh,91.46,2272,37,1
2025-11-28,Meta,Facebook Ads,Meta | Free Estimate,5.0,102,2,0
2025-11-29,Google Ads,Google Ads,Search | Interior Painting,105.51,280,15,0
2025-11-29,Google Ads,Google Ads,Search | Exterior Painting,126.6,261,16,1
2025-11-29,Google Ads,Google Ads,Search | Cabinet Painting,67.63,154,11,1
2025-11-29,Google Ads,Google Ads,Search | Drywall Repair,112.69,341,22,1
2025-11-29,Google Ads,Google Ads,Search | Minor Remodeling,204.33,337,21,0
2025-11-29,Meta,Facebook Ads,Meta | Home Refresh,109.28,2269,39,3
2025-11-29,Meta,Facebook Ads,Meta | Free Estimate,72.74,1405,29,1
2025-11-30,Google Ads,Google Ads,Search | Interior Painting,146.82,375,24,1
2025-11-30,Google Ads,Google Ads,Search | Exterior Painting,177.09,390,21,1
2025-11-30,Google Ads,Google Ads,Search | Cabinet Painting,7.29,14,1,0
2025-11-30,Google Ads,Google Ads,Search | Drywall Repair,30.19,83,6,0
2025-11-30,Google Ads,Google Ads,Search | Minor Remodeling,194.54,391,24,1
2025-11-30,Meta,Facebook Ads,Meta | Home Refresh,6.71,119,2,0
2025-11-30,Meta,Facebook Ads,Meta | Free Estimate,78.1,1819,37,2
2025-12-01,Google Ads,Google Ads,Search | Interior Painting,283.8,626,39,3
2025-12-01,Google Ads,Google Ads,Search | Exterior Painting,210.69,410,26,2
2025-12-01,Google Ads,Google Ads,Search | Cabinet Painting,16.38,31,2,0
2025-12-01,Google Ads,Google Ads,Search | Drywall Repair,142.7,322,27,2
2025-12-01,Google Ads,Google Ads,Search | Minor Remodeling,20.22,34,2,0
2025-12-01,Meta,Facebook Ads,Meta | Home Refresh,356.93,7116,127,3
2025-12-01,Meta,Facebook Ads,Meta | Free Estimate,143.15,2937,61,3
2025-12-02,Google Ads,Google Ads,Search | Interior Painting,86.41,240,15,1
2025-12-02,Google Ads,Google Ads,Search | Exterior Painting,294.59,656,40,1
2025-12-02,Google Ads,Google Ads,Search | Cabinet Painting,98.7,223,15,1
2025-12-02,Google Ads,Google Ads,Search | Drywall Repair,95.38,290,20,0
2025-12-02,Google Ads,Google Ads,Search | Minor Remodeling,13.5,17,1,0
2025-12-02,Meta,Facebook Ads,Meta | Home Refresh,158.84,3566,62,2
2025-12-02,Meta,Facebook Ads,Meta | Free Estimate,124.16,2624,59,2
2025-12-03,Google Ads,Google Ads,Search | Interior Painting,365.62,814,56,4
2025-12-03,Google Ads,Google Ads,Search | Exterior Painting,38.42,81,5,0
2025-12-03,Google Ads,Google Ads,Search | Cabinet Painting,5.49,15,1,0
2025-12-03,Google Ads,Google Ads,Search | Drywall Repair,20.9,58,4,0
2025-12-03,Google Ads,Google Ads,Search | Minor Remodeling,239.85,463,25,1
2025-12-03,Meta,Facebook Ads,Meta | Home Refresh,209.18,4836,75,4
2025-12-03,Meta,Facebook Ads,Meta | Free Estimate,192.07,4806,100,3
2025-12-04,Google Ads,Google Ads,Search | Interior Painting,206.04,530,32,2
2025-12-04,Google Ads,Google Ads,Search | Exterior Painting,106.64,149,11,1
2025-12-04,Google Ads,Google Ads,Search | Cabinet Painting,38.37,90,6,0
2025-12-04,Google Ads,Google Ads,Search | Drywall Repair,33.77,87,6,0
2025-12-04,Google Ads,Google Ads,Search | Minor Remodeling,121.64,287,14,1
2025-12-04,Meta,Facebook Ads,Meta | Home Refresh,186.79,3709,60,4
2025-12-04,Meta,Facebook Ads,Meta | Free Estimate,70.91,1693,34,1
2025-12-05,Google Ads,Google Ads,Search | Interior Painting,210.72,415,30,2
2025-12-05,Google Ads,Google Ads,Search | Exterior Painting,248.75,524,33,2
2025-12-05,Google Ads,Google Ads,Search | Cabinet Painting,34.96,110,7,0
2025-12-05,Google Ads,Google Ads,Search | Drywall Repair,98.33,183,13,1
2025-12-05,Google Ads,Google Ads,Search | Minor Remodeling,18.43,39,2,0
2025-12-05,Meta,Facebook Ads,Meta | Home Refresh,88.14,2086,31,1
2025-12-05,Meta,Facebook Ads,Meta | Free Estimate,135.99,2599,57,2
2025-12-06,Google Ads,Google Ads,Search | Interior Painting,91.67,185,13,0
2025-12-06,Google Ads,Google Ads,Search | Exterior Painting,137.17,245,16,1
2025-12-06,Google Ads,Google Ads,Search | Cabinet Painting,174.45,477,27,2
2025-12-06,Google Ads,Google Ads,Search | Drywall Repair,96.15,241,18,1
2025-12-06,Google Ads,Google Ads,Search | Minor Remodeling,20.93,56,3,0
2025-12-06,Meta,Facebook Ads,Meta | Home Refresh,76.6,1750,32,1
2025-12-06,Meta,Facebook Ads,Meta | Free Estimate,18.61,348,8,0
2025-12-07,Google Ads,Google Ads,Search | Interior Painting,178.93,396,29,2
2025-12-07,Google Ads,Google Ads,Search | Exterior Painting,83.86,218,12,0
2025-12-07,Google Ads,Google Ads,Search | Cabinet Painting,114.94,305,18,1
2025-12-07,Google Ads,Google Ads,Search | Drywall Repair,156.88,329,26,2
2025-12-07,Google Ads,Google Ads,Search | Minor Remodeling,158.29,361,17,1
2025-12-07,Meta,Facebook Ads,Meta | Home Refresh,168.3,4888,69,3
2025-12-07,Meta,Facebook Ads,Meta | Free Estimate,65.95,1338,27,1
2025-12-08,Google Ads,Google Ads,Search | Interior Painting,104.41,219,14,1
2025-12-08,Google Ads,Google Ads,Search | Exterior Painting,18.98,32,2,0
2025-12-08,Google Ads,Google Ads,Search | Cabinet Painting,139.69,342,22,1
2025-12-08,Google Ads,Google Ads,Search | Drywall Repair,87.21,242,18,1
2025-12-08,Google Ads,Google Ads,Search | Minor Remodeling,126.28,233,12,0
2025-12-08,Meta,Facebook Ads,Meta | Home Refresh,114.04,3116,47,1
2025-12-08,Meta,Facebook Ads,Meta | Free Estimate,8.17,166,4,0
2025-12-09,Google Ads,Google Ads,Search | Interior Painting,263.03,551,40,3
2025-12-09,Google Ads,Google Ads,Search | Exterior Painting,181.1,380,21,1
2025-12-09,Google Ads,Google Ads,Search | Cabinet Painting,31.9,100,6,0
2025-12-09,Google Ads,Google Ads,Search | Drywall Repair,332.46,741,54,3
2025-12-09,Google Ads,Google Ads,Search | Minor Remodeling,14.48,17,1,0
2025-12-09,Meta,Facebook Ads,Meta | Home Refresh,224.17,4139,82,7
2025-12-09,Meta,Facebook Ads,Meta | Free Estimate,83.2,1865,40,1
2025-12-10,Google Ads,Google Ads,Search | Interior Painting,160.02,321,25,1
2025-12-10,Google Ads,Google Ads,Search | Exterior Painting,13.47,15,1,0
2025-12-10,Google Ads,Google Ads,Search | Cabinet Painting,27.82,59,4,0
2025-12-10,Google Ads,Google Ads,Search | Drywall Repair,28.66,82,6,0
2025-12-10,Google Ads,Google Ads,Search | Minor Remodeling,163.47,324,16,1
2025-12-10,Meta,Facebook Ads,Meta | Home Refresh,282.43,6480,105,3
2025-12-10,Meta,Facebook Ads,Meta | Free Estimate,73.71,1588,36,1
2025-12-11,Google Ads,Google Ads,Search | Interior Painting,159.58,495,28,1
2025-12-11,Google Ads,Google Ads,Search | Exterior Painting,180.26,456,25,1
2025-12-11,Google Ads,Google Ads,Search | Cabinet Painting,192.97,411,30,1
2025-12-11,Google Ads,Google Ads,Search | Drywall Repair,19.52,44,3,0
2025-12-11,Google Ads,Google Ads,Search | Minor Remodeling,386.88,680,45,5
2025-12-11,Meta,Facebook Ads,Meta | Home Refresh,12.04,228,4,0
2025-12-11,Meta,Facebook Ads,Meta | Free Estimate,46.32,1092,22,1
2025-12-12,Google Ads,Google Ads,Search | Interior Painting,298.48,654,45,4
2025-12-12,Google Ads,Google Ads,Search | Exterior Painting,7.29,18,1,0
2025-12-12,Google Ads,Google Ads,Search | Cabinet Painting,5.67,14,1,0
2025-12-12,Google Ads,Google Ads,Search | Drywall Repair,75.49,182,13,1
2025-12-12,Google Ads,Google Ads,Search | Minor Remodeling,204.34,367,18,1
2025-12-12,Meta,Facebook Ads,Meta | Home Refresh,28.24,580,10,0
2025-12-12,Meta,Facebook Ads,Meta | Free Estimate,62.94,1629,31,1
2025-12-13,Google Ads,Google Ads,Search | Interior Painting,273.97,616,39,2
2025-12-13,Google Ads,Google Ads,Search | Exterior Painting,6.74,17,1,0
2025-12-13,Google Ads,Google Ads,Search | Cabinet Painting,191.47,449,31,3
2025-12-13,Google Ads,Google Ads,Search | Drywall Repair,26.07,70,5,0
2025-12-13,Google Ads,Google Ads,Search | Minor Remodeling,23.93,56,3,0
2025-12-13,Meta,Facebook Ads,Meta | Home Refresh,5.0,112,2,0
2025-12-13,Meta,Facebook Ads,Meta | Free Estimate,80.05,1870,42,1
2025-12-14,Google Ads,Google Ads,Search | Interior Painting,148.63,387,27,2
2025-12-14,Google Ads,Google Ads,Search | Exterior Painting,246.67,482,29,2
2025-12-14,Google Ads,Google Ads,Search | Cabinet Painting,137.88,410,23,2
2025-12-14,Google Ads,Google Ads,Search | Drywall Repair,32.92,75,5,0
2025-12-14,Google Ads,Google Ads,Search | Minor Remodeling,244.08,462,28,1
2025-12-14,Meta,Facebook Ads,Meta | Home Refresh,56.74,1600,22,1
2025-12-14,Meta,Facebook Ads,Meta | Free Estimate,39.56,757,16,0
2025-12-15,Google Ads,Google Ads,Search | Interior Painting,10.43,33,2,0
2025-12-15,Google Ads,Google Ads,Search | Exterior Painting,557.81,1097,71,4
2025-12-15,Google Ads,Google Ads,Search | Cabinet Painting,104.21,229,16,1
2025-12-15,Google Ads,Google Ads,Search | Drywall Repair,63.55,157,11,0
2025-12-15,Google Ads,Google Ads,Search | Minor Remodeling,235.2,436,24,1
2025-12-15,Meta,Facebook Ads,Meta | Home Refresh,17.63,356,6,0
2025-12-15,Meta,Facebook Ads,Meta | Free Estimate,75.92,1967,38,1
2025-12-16,Google Ads,Google Ads,Search | Interior Painting,96.63,193,12,1
2025-12-16,Google Ads,Google Ads,Search | Exterior Painting,383.2,867,54,4
2025-12-16,Google Ads,Google Ads,Search | Cabinet Painting,5.0,15,1,0
2025-12-16,Google Ads,Google Ads,Search | Drywall Repair,80.88,187,13,2
2025-12-16,Google Ads,Google Ads,Search | Minor Remodeling,274.05,576,32,2
2025-12-16,Meta,Facebook Ads,Meta | Home Refresh,18.97,397,7,0
2025-12-16,Meta,Facebook Ads,Meta | Free Estimate,254.94,6728,129,5
2025-12-17,Google Ads,Google Ads,Search | Interior Painting,109.81,239,15,1
2025-12-17,Google Ads,Google Ads,Search | Exterior Painting,33.21,78,4,0
2025-12-17,Google Ads,Google Ads,Search | Cabinet Painting,265.37,664,46,2
2025-12-17,Google Ads,Google Ads,Search | Drywall Repair,5.0,14,1,0
2025-12-17,Google Ads,Google Ads,Search | Minor Remodeling,156.78,338,18,1
2025-12-17,Meta,Facebook Ads,Meta | Home Refresh,12.21,253,5,0
2025-12-17,Meta,Facebook Ads,Meta | Free Estimate,6.66,141,3,0
2025-12-18,Google Ads,Google Ads,Search | Interior Painting,287.39,643,40,3
2025-12-18,Google Ads,Google Ads,Search | Exterior Painting,96.0,179,11,2
2025-12-18,Google Ads,Google Ads,Search | Cabinet Painting,118.68,224,17,1
2025-12-18,Google Ads,Google Ads,Search | Drywall Repair,69.65,228,15,1
2025-12-18,Google Ads,Google Ads,Search | Minor Remodeling,33.46,71,4,0
2025-12-18,Meta,Facebook Ads,Meta | Home Refresh,12.88,261,5,0
2025-12-18,Meta,Facebook Ads,Meta | Free Estimate,152.16,3437,74,4
2025-12-19,Google Ads,Google Ads,Search | Interior Painting,113.76,284,16,0
2025-12-19,Google Ads,Google Ads,Search | Exterior Painting,52.05,98,6,0
2025-12-19,Google Ads,Google Ads,Search | Cabinet Painting,84.62,150,11,1
2025-12-19,Google Ads,Google Ads,Search | Drywall Repair,58.23,141,10,0
2025-12-19,Google Ads,Google Ads,Search | Minor Remodeling,151.35,345,18,1
2025-12-19,Meta,Facebook Ads,Meta | Home Refresh,89.0,1708,29,1
2025-12-19,Meta,Facebook Ads,Meta | Free Estimate,118.5,2289,51,2
2025-12-20,Google Ads,Google Ads,Search | Interior Painting,123.9,249,15,1
2025-12-20,Google Ads,Google Ads,Search | Exterior Painting,178.98,393,22,3
2025-12-20,Google Ads,Google Ads,Search | Cabinet Painting,9.16,14,1,0
2025-12-20,Google Ads,Google Ads,Search | Drywall Repair,120.76,345,27,1
2025-12-20,Google Ads,Google Ads,Search | Minor Remodeling,31.38,56,3,0
2025-12-20,Meta,Facebook Ads,Meta | Home Refresh,53.7,1095,18,1
2025-12-20,Meta,Facebook Ads,Meta | Free Estimate,49.39,1028,22,1
2025-12-21,Google Ads,Google Ads,Search | Interior Painting,226.89,554,37,2
2025-12-21,Google Ads,Google Ads,Search | Exterior Painting,23.87,50,3,0
2025-12-21,Google Ads,Google Ads,Search | Cabinet Painting,173.18,329,26,2
2025-12-21,Google Ads,Google Ads,Search | Drywall Repair,11.06,35,2,0
2025-12-21,Google Ads,Google Ads,Search | Minor Remodeling,48.09,87,5,0
2025-12-21,Meta,Facebook Ads,Meta | Home Refresh,162.05,2992,60,2
2025-12-21,Meta,Facebook Ads,Meta | Free Estimate,40.04,913,18,0
2025-12-22,Google Ads,Google Ads,Search | Interior Painting,32.55,69,5,0
2025-12-22,Google Ads,Google Ads,Search | Exterior Painting,342.02,712,42,3
2025-12-22,Google Ads,Google Ads,Search | Cabinet Painting,274.05,552,39,3
2025-12-22,Google Ads,Google Ads,Search | Drywall Repair,64.18,166,11,1
2025-12-22,Google Ads,Google Ads,Search | Minor Remodeling,14.35,37,2,0
2025-12-22,Meta,Facebook Ads,Meta | Home Refresh,105.65,2304,39,1
2025-12-22,Meta,Facebook Ads,Meta | Free Estimate,5.0,100,2,0
2025-12-23,Google Ads,Google Ads,Search | Interior Painting,254.48,516,32,2
2025-12-23,Google Ads,Google Ads,Search | Exterior Painting,17.09,46,3,0
2025-12-23,Google Ads,Google Ads,Search | Cabinet Painting,104.01,270,17,1
2025-12-23,Google Ads,Google Ads,Search | Drywall Repair,34.97,77,6,0
2025-12-23,Google Ads,Google Ads,Search | Minor Remodeling,331.49,649,37,2
2025-12-23,Meta,Facebook Ads,Meta | Home Refresh,37.16,906,15,0
2025-12-23,Meta,Facebook Ads,Meta | Free Estimate,67.04,1260,27,1
2025-12-24,Google Ads,Google Ads,Search | Interior Painting,216.95,389,31,2
2025-12-24,Google Ads,Google Ads,Search | Exterior Painting,99.64,154,10,0
2025-12-24,Google Ads,Google Ads,Search | Cabinet Painting,17.35,46,3,0
2025-12-24,Google Ads,Google Ads,Search | Drywall Repair,160.04,453,32,1
2025-12-24,Google Ads,Google Ads,Search | Minor Remodeling,205.5,313,20,1
2025-12-24,Meta,Facebook Ads,Meta | Home Refresh,94.11,1765,33,1
2025-12-24,Meta,Facebook Ads,Meta | Free Estimate,159.95,3251,69,2
2025-12-25,Google Ads,Google Ads,Search | Interior Painting,127.82,277,19,1
2025-12-25,Google Ads,Google Ads,Search | Exterior Painting,354.91,669,42,3
2025-12-25,Google Ads,Google Ads,Search | Cabinet Painting,5.62,13,1,0
2025-12-25,Google Ads,Google Ads,Search | Drywall Repair,16.73,43,3,0
2025-12-25,Google Ads,Google Ads,Search | Minor Remodeling,29.34,54,3,0
2025-12-25,Meta,Facebook Ads,Meta | Home Refresh,91.83,1717,30,1
2025-12-25,Meta,Facebook Ads,Meta | Free Estimate,111.1,2522,49,2
2025-12-26,Google Ads,Google Ads,Search | Interior Painting,93.32,242,16,1
2025-12-26,Google Ads,Google Ads,Search | Exterior Painting,82.96,155,11,1
2025-12-26,Google Ads,Google Ads,Search | Cabinet Painting,123.64,314,20,1
2025-12-26,Google Ads,Google Ads,Search | Drywall Repair,23.92,73,5,0
2025-12-26,Google Ads,Google Ads,Search | Minor Remodeling,307.03,606,35,2
2025-12-26,Meta,Facebook Ads,Meta | Home Refresh,107.16,1656,31,1
2025-12-26,Meta,Facebook Ads,Meta | Free Estimate,213.77,5083,127,4
2025-12-27,Google Ads,Google Ads,Search | Interior Painting,124.61,286,18,1
2025-12-27,Google Ads,Google Ads,Search | Exterior Painting,225.93,425,24,1
2025-12-27,Google Ads,Google Ads,Search | Cabinet Painting,17.68,33,2,0
2025-12-27,Google Ads,Google Ads,Search | Drywall Repair,93.67,241,16,1
2025-12-27,Google Ads,Google Ads,Search | Minor Remodeling,109.15,149,9,0
2025-12-27,Meta,Facebook Ads,Meta | Home Refresh,95.68,1927,31,1
2025-12-27,Meta,Facebook Ads,Meta | Free Estimate,99.53,2735,55,1
2025-12-28,Google Ads,Google Ads,Search | Interior Painting,275.46,581,40,3
2025-12-28,Google Ads,Google Ads,Search | Exterior Painting,282.42,635,35,1
2025-12-28,Google Ads,Google Ads,Search | Cabinet Painting,59.26,118,8,0
2025-12-28,Google Ads,Google Ads,Search | Drywall Repair,12.36,28,2,0
2025-12-28,Google Ads,Google Ads,Search | Minor Remodeling,138.7,305,15,2
2025-12-28,Meta,Facebook Ads,Meta | Home Refresh,209.57,5562,88,2
2025-12-28,Meta,Facebook Ads,Meta | Free Estimate,43.35,1088,22,0
2025-12-29,Google Ads,Google Ads,Search | Interior Painting,142.07,393,23,1
2025-12-29,Google Ads,Google Ads,Search | Exterior Painting,140.2,275,17,1
2025-12-29,Google Ads,Google Ads,Search | Cabinet Painting,354.99,1037,65,5
2025-12-29,Google Ads,Google Ads,Search | Drywall Repair,154.1,341,27,1
2025-12-29,Google Ads,Google Ads,Search | Minor Remodeling,216.86,466,25,1
2025-12-29,Meta,Facebook Ads,Meta | Home Refresh,105.21,2461,37,1
2025-12-29,Meta,Facebook Ads,Meta | Free Estimate,118.83,2975,60,1
2025-12-30,Google Ads,Google Ads,Search | Interior Painting,446.77,804,55,3
2025-12-30,Google Ads,Google Ads,Search | Exterior Painting,113.19,217,13,1
2025-12-30,Google Ads,Google Ads,Search | Cabinet Painting,136.81,351,21,1
2025-12-30,Google Ads,Google Ads,Search | Drywall Repair,6.43,14,1,0
2025-12-30,Google Ads,Google Ads,Search | Minor Remodeling,5.0,19,1,0
2025-12-30,Meta,Facebook Ads,Meta | Home Refresh,278.56,6096,98,3
2025-12-30,Meta,Facebook Ads,Meta | Free Estimate,17.61,348,8,0
2025-12-31,Google Ads,Google Ads,Search | Interior Painting,115.58,217,15,1
2025-12-31,Google Ads,Google Ads,Search | Exterior Painting,152.69,360,20,1
2025-12-31,Google Ads,Google Ads,Search | Cabinet Painting,181.03,449,29,1
2025-12-31,Google Ads,Google Ads,Search | Drywall Repair,78.53,206,14,1
2025-12-31,Google Ads,Google Ads,Search | Minor Remodeling,405.69,867,46,2
2025-12-31,Meta,Facebook Ads,Meta | Home Refresh,349.04,7312,125,4
2025-12-31,Meta,Facebook Ads,Meta | Free Estimate,100.52,2290,45,0
2026-01-01,Google Ads,Google Ads,Search | Interior Painting,318.9,625,49,3
2026-01-01,Google Ads,Google Ads,Search | Exterior Painting,239.27,476,32,2
2026-01-01,Google Ads,Google Ads,Search | Cabinet Painting,174.01,414,30,2
2026-01-01,Google Ads,Google Ads,Search | Drywall Repair,77.19,217,13,1
2026-01-01,Google Ads,Google Ads,Search | Minor Remodeling,121.16,238,14,1
2026-01-01,Meta,Facebook Ads,Meta | Home Refresh,51.23,1031,18,1
2026-01-01,Meta,Facebook Ads,Meta | Free Estimate,86.92,2224,40,1
2026-01-02,Google Ads,Google Ads,Search | Interior Painting,211.74,491,33,1
2026-01-02,Google Ads,Google Ads,Search | Exterior Painting,17.89,46,3,0
2026-01-02,Google Ads,Google Ads,Search | Cabinet Painting,202.31,506,32,2
2026-01-02,Google Ads,Google Ads,Search | Drywall Repair,6.12,13,1,0
2026-01-02,Google Ads,Google Ads,Search | Minor Remodeling,251.96,430,25,1
2026-01-02,Meta,Facebook Ads,Meta | Home Refresh,124.33,2795,52,1
2026-01-02,Meta,Facebook Ads,Meta | Free Estimate,5.0,99,2,0
2026-01-03,Google Ads,Google Ads,Search | Interior Painting,489.83,925,67,3
2026-01-03,Google Ads,Google Ads,Search | Exterior Painting,353.93,674,41,3
2026-01-03,Google Ads,Google Ads,Search | Cabinet Painting,133.15,306,21,1
2026-01-03,Google Ads,Google Ads,Search | Drywall Repair,78.52,196,15,1
2026-01-03,Google Ads,Google Ads,Search | Minor Remodeling,36.73,75,4,0
2026-01-03,Meta,Facebook Ads,Meta | Home Refresh,149.45,3364,60,2
2026-01-03,Meta,Facebook Ads,Meta | Free Estimate,114.26,2826,60,3
2026-01-04,Google Ads,Google Ads,Search | Interior Painting,52.93,105,7,0
2026-01-04,Google Ads,Google Ads,Search | Exterior Painting,30.12,69,4,0
2026-01-04,Google Ads,Google Ads,Search | Cabinet Painting,137.92,320,20,1
2026-01-04,Google Ads,Google Ads,Search | Drywall Repair,100.19,217,17,0
2026-01-04,Google Ads,Google Ads,Search | Minor Remodeling,38.92,75,4,0
2026-01-04,Meta,Facebook Ads,Meta | Home Refresh,16.39,358,6,0
2026-01-04,Meta,Facebook Ads,Meta | Free Estimate,12.79,257,5,0
2026-01-05,Google Ads,Google Ads,Search | Interior Painting,111.59,198,12,1
2026-01-05,Google Ads,Google Ads,Search | Exterior Painting,48.18,82,5,0
2026-01-05,Google Ads,Google Ads,Search | Cabinet Painting,275.29,609,36,1
2026-01-05,Google Ads,Google Ads,Search | Drywall Repair,180.57,497,34,2
2026-01-05,Google Ads,Google Ads,Search | Minor Remodeling,21.73,37,2,0
2026-01-05,Meta,Facebook Ads,Meta | Home Refresh,131.15,3274,56,2
2026-01-05,Meta,Facebook Ads,Meta | Free Estimate,91.8,1950,41,2
2026-01-06,Google Ads,Google Ads,Search | Interior Painting,199.77,413,29,1
2026-01-06,Google Ads,Google Ads,Search | Exterior Painting,130.23,288,17,1
2026-01-06,Google Ads,Google Ads,Search | Cabinet Painting,155.12,303,22,1
2026-01-06,Google Ads,Google Ads,Search | Drywall Repair,16.21,44,3,0
2026-01-06,Google Ads,Google Ads,Search | Minor Remodeling,117.63,203,11,0
2026-01-06,Meta,Facebook Ads,Meta | Home Refresh,170.01,3730,59,3
2026-01-06,Meta,Facebook Ads,Meta | Free Estimate,152.96,2651,62,2
2026-01-07,Google Ads,Google Ads,Search | Interior Painting,539.42,1421,86,5
2026-01-07,Google Ads,Google Ads,Search | Exterior Painting,421.58,923,49,4
2026-01-07,Google Ads,Google Ads,Search | Cabinet Painting,6.79,16,1,0
2026-01-07,Google Ads,Google Ads,Search | Drywall Repair,18.9,58,4,0
2026-01-07,Google Ads,Google Ads,Search | Minor Remodeling,126.27,236,14,1
2026-01-07,Meta,Facebook Ads,Meta | Home Refresh,167.04,3288,56,0
2026-01-07,Meta,Facebook Ads,Meta | Free Estimate,53.75,1351,26,0
2026-01-08,Google Ads,Google Ads,Search | Interior Painting,169.31,359,26,1
2026-01-08,Google Ads,Google Ads,Search | Exterior Painting,15.26,36,2,0
2026-01-08,Google Ads,Google Ads,Search | Cabinet Painting,136.46,272,18,1
2026-01-08,Google Ads,Google Ads,Search | Drywall Repair,12.07,45,3,0
2026-01-08,Google Ads,Google Ads,Search | Minor Remodeling,15.61,35,2,0
2026-01-08,Meta,Facebook Ads,Meta | Home Refresh,286.0,5915,97,2
2026-01-08,Meta,Facebook Ads,Meta | Free Estimate,81.23,2455,46,1
2026-01-09,Google Ads,Google Ads,Search | Interior Painting,42.15,97,7,0
2026-01-09,Google Ads,Google Ads,Search | Exterior Painting,374.81,705,45,4
2026-01-09,Google Ads,Google Ads,Search | Cabinet Painting,5.0,16,1,0
2026-01-09,Google Ads,Google Ads,Search | Drywall Repair,170.31,498,30,1
2026-01-09,Google Ads,Google Ads,Search | Minor Remodeling,206.73,377,21,1
2026-01-09,Meta,Facebook Ads,Meta | Home Refresh,221.97,4982,77,3
2026-01-09,Meta,Facebook Ads,Meta | Free Estimate,156.13,3958,86,3
2026-01-10,Google Ads,Google Ads,Search | Interior Painting,99.07,213,13,1
2026-01-10,Google Ads,Google Ads,Search | Exterior Painting,142.09,286,17,1
2026-01-10,Google Ads,Google Ads,Search | Cabinet Painting,54.11,152,10,0
2026-01-10,Google Ads,Google Ads,Search | Drywall Repair,60.58,159,12,1
2026-01-10,Google Ads,Google Ads,Search | Minor Remodeling,24.87,37,2,0
2026-01-10,Meta,Facebook Ads,Meta | Home Refresh,103.84,2018,33,1
2026-01-10,Meta,Facebook Ads,Meta | Free Estimate,91.19,2055,43,1
2026-01-11,Google Ads,Google Ads,Search | Interior Painting,12.69,30,2,0
2026-01-11,Google Ads,Google Ads,Search | Exterior Painting,271.94,643,38,3
2026-01-11,Google Ads,Google Ads,Search | Cabinet Painting,15.14,40,3,0
2026-01-11,Google Ads,Google Ads,Search | Drywall Repair,89.63,293,19,1
2026-01-11,Google Ads,Google Ads,Search | Minor Remodeling,5.0,19,1,0
2026-01-11,Meta,Facebook Ads,Meta | Home Refresh,162.86,3164,56,2
2026-01-11,Meta,Facebook Ads,Meta | Free Estimate,48.22,1305,25,1
2026-01-12,Google Ads,Google Ads,Search | Interior Painting,258.81,532,37,3
2026-01-12,Google Ads,Google Ads,Search | Exterior Painting,138.69,267,18,1
2026-01-12,Google Ads,Google Ads,Search | Cabinet Painting,89.57,194,13,1
2026-01-12,Google Ads,Google Ads,Search | Drywall Repair,163.34,464,31,2
2026-01-12,Google Ads,Google Ads,Search | Minor Remodeling,23.76,51,3,0
2026-01-12,Meta,Facebook Ads,Meta | Home Refresh,11.88,239,4,0
2026-01-12,Meta,Facebook Ads,Meta | Free Estimate,67.89,1383,29,2
2026-01-13,Google Ads,Google Ads,Search | Interior Painting,331.16,805,48,3
2026-01-13,Google Ads,Google Ads,Search | Exterior Painting,12.42,33,2,0
2026-01-13,Google Ads,Google Ads,Search | Cabinet Painting,96.78,256,17,1
2026-01-13,Google Ads,Google Ads,Search | Drywall Repair,121.21,323,25,1
2026-01-13,Google Ads,Google Ads,Search | Minor Remodeling,46.77,72,4,0
2026-01-13,Meta,Facebook Ads,Meta | Home Refresh,99.97,2480,45,2
2026-01-13,Meta,Facebook Ads,Meta | Free Estimate,227.85,5025,110,2
2026-01-14,Google Ads,Google Ads,Search | Interior Painting,421.44,1024,67,5
2026-01-14,Google Ads,Google Ads,Search | Exterior Painting,299.77,590,40,3
2026-01-14,Google Ads,Google Ads,Search | Cabinet Painting,170.36,450,27,1
2026-01-14,Google Ads,Google Ads,Search | Drywall Repair,10.42,31,2,0
2026-01-14,Google Ads,Google Ads,Search | Minor Remodeling,33.91,69,4,0
2026-01-14,Meta,Facebook Ads,Meta | Home Refresh,69.91,1276,22,1
2026-01-14,Meta,Facebook Ads,Meta | Free Estimate,67.42,1759,37,1
2026-01-15,Google Ads,Google Ads,Search | Interior Painting,441.52,912,58,4
2026-01-15,Google Ads,Google Ads,Search | Exterior Painting,277.58,496,28,2
2026-01-15,Google Ads,Google Ads,Search | Cabinet Painting,177.44,406,26,2
2026-01-15,Google Ads,Google Ads,Search | Drywall Repair,108.64,292,20,1
2026-01-15,Google Ads,Google Ads,Search | Minor Remodeling,55.33,100,6,0
2026-01-15,Meta,Facebook Ads,Meta | Home Refresh,102.64,1981,38,2
2026-01-15,Meta,Facebook Ads,Meta | Free Estimate,76.38,1739,38,2
2026-01-16,Google Ads,Google Ads,Search | Interior Painting,184.41,349,23,1
2026-01-16,Google Ads,Google Ads,Search | Exterior Painting,322.67,572,36,3
2026-01-16,Google Ads,Google Ads,Search | Cabinet Painting,187.06,375,27,1
2026-01-16,Google Ads,Google Ads,Search | Drywall Repair,11.37,32,2,0
2026-01-16,Google Ads,Google Ads,Search | Minor Remodeling,13.84,19,1,0
2026-01-16,Meta,Facebook Ads,Meta | Home Refresh,139.72,2479,49,1
2026-01-16,Meta,Facebook Ads,Meta | Free Estimate,117.07,2707,52,2
2026-01-17,Google Ads,Google Ads,Search | Interior Painting,256.61,554,37,2
2026-01-17,Google Ads,Google Ads,Search | Exterior Painting,366.87,767,50,2
2026-01-17,Google Ads,Google Ads,Search | Cabinet Painting,5.0,14,1,0
2026-01-17,Google Ads,Google Ads,Search | Drywall Repair,7.41,13,1,0
2026-01-17,Google Ads,Google Ads,Search | Minor Remodeling,22.93,36,2,0
2026-01-17,Meta,Facebook Ads,Meta | Home Refresh,162.23,3479,61,3
2026-01-17,Meta,Facebook Ads,Meta | Free Estimate,76.16,1671,37,1
2026-01-18,Google Ads,Google Ads,Search | Interior Painting,201.72,511,30,2
2026-01-18,Google Ads,Google Ads,Search | Exterior Painting,202.74,461,28,1
2026-01-18,Google Ads,Google Ads,Search | Cabinet Painting,19.65,61,4,0
2026-01-18,Google Ads,Google Ads,Search | Drywall Repair,18.96,40,3,0
2026-01-18,Google Ads,Google Ads,Search | Minor Remodeling,71.12,155,8,0
2026-01-18,Meta,Facebook Ads,Meta | Home Refresh,5.0,118,2,0
2026-01-18,Meta,Facebook Ads,Meta | Free Estimate,142.46,2928,63,2
2026-01-19,Google Ads,Google Ads,Search | Interior Painting,322.56,637,42,4
2026-01-19,Google Ads,Google Ads,Search | Exterior Painting,67.92,126,9,0
2026-01-19,Google Ads,Google Ads,Search | Cabinet Painting,200.88,511,36,2
2026-01-19,Google Ads,Google Ads,Search | Drywall Repair,85.89,210,15,1
2026-01-19,Google Ads,Google Ads,Search | Minor Remodeling,278.57,546,30,2
2026-01-19,Meta,Facebook Ads,Meta | Home Refresh,130.7,2532,51,3
2026-01-19,Meta,Facebook Ads,Meta | Free Estimate,91.78,2231,45,1
2026-01-20,Google Ads,Google Ads,Search | Interior Painting,162.9,348,24,1
2026-01-20,Google Ads,Google Ads,Search | Exterior Painting,52.08,115,6,0
2026-01-20,Google Ads,Google Ads,Search | Cabinet Painting,19.36,46,3,0
2026-01-20,Google Ads,Google Ads,Search | Drywall Repair,5.0,16,1,0
2026-01-20,Google Ads,Google Ads,Search | Minor Remodeling,20.52,34,2,0
2026-01-20,Meta,Facebook Ads,Meta | Home Refresh,210.6,3915,69,2
2026-01-20,Meta,Facebook Ads,Meta | Free Estimate,66.02,1222,25,2
2026-01-21,Google Ads,Google Ads,Search | Interior Painting,116.06,270,17,1
2026-01-21,Google Ads,Google Ads,Search | Exterior Painting,457.12,903,55,4
2026-01-21,Google Ads,Google Ads,Search | Cabinet Painting,101.88,265,15,0
2026-01-21,Google Ads,Google Ads,Search | Drywall Repair,5.39,14,1,0
2026-01-21,Google Ads,Google Ads,Search | Minor Remodeling,90.12,150,8,0
2026-01-21,Meta,Facebook Ads,Meta | Home Refresh,69.04,1416,24,1
2026-01-21,Meta,Facebook Ads,Meta | Free Estimate,318.99,7260,154,6
2026-01-22,Google Ads,Google Ads,Search | Interior Painting,470.93,1071,69,5
2026-01-22,Google Ads,Google Ads,Search | Exterior Painting,237.57,479,29,2
2026-01-22,Google Ads,Google Ads,Search | Cabinet Painting,72.93,173,11,2
2026-01-22,Google Ads,Google Ads,Search | Drywall Repair,174.99,458,35,2
2026-01-22,Google Ads,Google Ads,Search | Minor Remodeling,50.45,102,5,0
2026-01-22,Meta,Facebook Ads,Meta | Home Refresh,5.93,119,2,1
2026-01-22,Meta,Facebook Ads,Meta | Free Estimate,53.55,1248,28,1
2026-01-23,Google Ads,Google Ads,Search | Interior Painting,347.33,983,55,4
2026-01-23,Google Ads,Google Ads,Search | Exterior Painting,57.82,133,8,0
2026-01-23,Google Ads,Google Ads,Search | Cabinet Painting,140.45,355,21,1
2026-01-23,Google Ads,Google Ads,Search | Drywall Repair,53.92,156,11,1
2026-01-23,Google Ads,Google Ads,Search | Minor Remodeling,190.91,370,19,1
2026-01-23,Meta,Facebook Ads,Meta | Home Refresh,5.9,112,2,0
2026-01-23,Meta,Facebook Ads,Meta | Free Estimate,167.11,2676,65,3
2026-01-24,Google Ads,Google Ads,Search | Interior Painting,16.36,30,2,0
2026-01-24,Google Ads,Google Ads,Search | Exterior Painting,298.84,502,33,4
2026-01-24,Google Ads,Google Ads,Search | Cabinet Painting,156.11,376,23,2
2026-01-24,Google Ads,Google Ads,Search | Drywall Repair,166.75,368,26,2
2026-01-24,Google Ads,Google Ads,Search | Minor Remodeling,133.27,279,15,1
2026-01-24,Meta,Facebook Ads,Meta | Home Refresh,265.73,5794,104,3
2026-01-24,Meta,Facebook Ads,Meta | Free Estimate,148.28,3348,68,2
2026-01-25,Google Ads,Google Ads,Search | Interior Painting,41.48,97,6,0
2026-01-25,Google Ads,Google Ads,Search | Exterior Painting,94.51,201,12,0
2026-01-25,Google Ads,Google Ads,Search | Cabinet Painting,122.14,317,20,1
2026-01-25,Google Ads,Google Ads,Search | Drywall Repair,94.75,259,18,1
2026-01-25,Google Ads,Google Ads,Search | Minor Remodeling,10.42,19,1,0
2026-01-25,Meta,Facebook Ads,Meta | Home Refresh,148.07,3315,57,1
2026-01-25,Meta,Facebook Ads,Meta | Free Estimate,90.21,1909,44,2
2026-01-26,Google Ads,Google Ads,Search | Interior Painting,18.55,40,3,0
2026-01-26,Google Ads,Google Ads,Search | Exterior Painting,224.94,486,28,2
2026-01-26,Google Ads,Google Ads,Search | Cabinet Painting,83.3,197,14,0
2026-01-26,Google Ads,Google Ads,Search | Drywall Repair,148.85,392,27,1
2026-01-26,Google Ads,Google Ads,Search | Minor Remodeling,145.93,275,14,1
2026-01-26,Meta,Facebook Ads,Meta | Home Refresh,195.02,2848,53,3
2026-01-26,Meta,Facebook Ads,Meta | Free Estimate,8.59,194,4,0
2026-01-27,Google Ads,Google Ads,Search | Interior Painting,319.05,862,53,3
2026-01-27,Google Ads,Google Ads,Search | Exterior Painting,372.52,761,44,3
2026-01-27,Google Ads,Google Ads,Search | Cabinet Painting,239.22,540,36,2
2026-01-27,Google Ads,Google Ads,Search | Drywall Repair,284.49,797,51,3
2026-01-27,Google Ads,Google Ads,Search | Minor Remodeling,176.59,412,24,1
2026-01-27,Meta,Facebook Ads,Meta | Home Refresh,141.97,2978,52,1
2026-01-27,Meta,Facebook Ads,Meta | Free Estimate,5.0,137,3,0
2026-01-28,Google Ads,Google Ads,Search | Interior Painting,157.9,346,23,1
2026-01-28,Google Ads,Google Ads,Search | Exterior Painting,462.48,1097,67,3
2026-01-28,Google Ads,Google Ads,Search | Cabinet Painting,184.37,490,29,2
2026-01-28,Google Ads,Google Ads,Search | Drywall Repair,192.68,387,28,2
2026-01-28,Google Ads,Google Ads,Search | Minor Remodeling,173.12,306,17,1
2026-01-28,Meta,Facebook Ads,Meta | Home Refresh,467.93,8823,168,4
2026-01-28,Meta,Facebook Ads,Meta | Free Estimate,205.55,4798,101,3
2026-01-29,Google Ads,Google Ads,Search | Interior Painting,121.83,245,17,1
2026-01-29,Google Ads,Google Ads,Search | Exterior Painting,185.76,398,23,1
2026-01-29,Google Ads,Google Ads,Search | Cabinet Painting,100.9,178,14,1
2026-01-29,Google Ads,Google Ads,Search | Drywall Repair,100.32,341,21,1
2026-01-29,Google Ads,Google Ads,Search | Minor Remodeling,124.94,276,13,0
2026-01-29,Meta,Facebook Ads,Meta | Home Refresh,63.04,1321,23,0
2026-01-29,Meta,Facebook Ads,Meta | Free Estimate,6.46,142,3,0
2026-01-30,Google Ads,Google Ads,Search | Interior Painting,92.83,188,12,1
2026-01-30,Google Ads,Google Ads,Search | Exterior Painting,150.88,320,21,2
2026-01-30,Google Ads,Google Ads,Search | Cabinet Painting,120.43,226,16,0
2026-01-30,Google Ads,Google Ads,Search | Drywall Repair,141.55,361,25,1
2026-01-30,Google Ads,Google Ads,Search | Minor Remodeling,45.74,97,5,0
2026-01-30,Meta,Facebook Ads,Meta | Home Refresh,194.59,4348,78,2
2026-01-30,Meta,Facebook Ads,Meta | Free Estimate,67.98,1599,33,0
2026-01-31,Google Ads,Google Ads,Search | Interior Painting,110.15,215,14,1
2026-01-31,Google Ads,Google Ads,Search | Exterior Painting,164.78,339,20,1
2026-01-31,Google Ads,Google Ads,Search | Cabinet Painting,23.2,44,3,0
2026-01-31,Google Ads,Google Ads,Search | Drywall Repair,27.74,64,4,0
2026-01-31,Google Ads,Google Ads,Search | Minor Remodeling,318.29,567,35,2
2026-01-31,Meta,Facebook Ads,Meta | Home Refresh,15.34,326,6,0
2026-01-31,Meta,Facebook Ads,Meta | Free Estimate,64.81,1347,27,1
2026-02-01,Google Ads,Google Ads,Search | Interior Painting,136.07,261,17,1
2026-02-01,Google Ads,Google Ads,Search | Exterior Painting,181.78,371,19,1
2026-02-01,Google Ads,Google Ads,Search | Cabinet Painting,9.74,13,1,0
2026-02-01,Google Ads,Google Ads,Search | Drywall Repair,98.72,205,17,0
2026-02-01,Google Ads,Google Ads,Search | Minor Remodeling,27.5,53,3,0
2026-02-01,Meta,Facebook Ads,Meta | Home Refresh,30.47,715,12,0
2026-02-01,Meta,Facebook Ads,Meta | Free Estimate,58.32,1460,28,1
2026-02-02,Google Ads,Google Ads,Search | Interior Painting,255.39,537,34,2
2026-02-02,Google Ads,Google Ads,Search | Exterior Painting,239.64,420,25,2
2026-02-02,Google Ads,Google Ads,Search | Cabinet Painting,110.95,228,16,1
2026-02-02,Google Ads,Google Ads,Search | Drywall Repair,8.53,28,2,0
2026-02-02,Google Ads,Google Ads,Search | Minor Remodeling,390.93,648,35,2
2026-02-02,Meta,Facebook Ads,Meta | Home Refresh,83.75,1576,30,1
2026-02-02,Meta,Facebook Ads,Meta | Free Estimate,133.55,3728,66,3
2026-02-03,Google Ads,Google Ads,Search | Interior Painting,30.02,71,5,0
2026-02-03,Google Ads,Google Ads,Search | Exterior Painting,180.22,432,23,1
2026-02-03,Google Ads,Google Ads,Search | Cabinet Painting,206.97,464,30,3
2026-02-03,Google Ads,Google Ads,Search | Drywall Repair,167.2,374,29,3
2026-02-03,Google Ads,Google Ads,Search | Minor Remodeling,209.21,347,21,1
2026-02-03,Meta,Facebook Ads,Meta | Home Refresh,87.58,2034,34,1
2026-02-03,Meta,Facebook Ads,Meta | Free Estimate,93.03,2166,46,2
2026-02-04,Google Ads,Google Ads,Search | Interior Painting,375.91,899,57,3
2026-02-04,Google Ads,Google Ads,Search | Exterior Painting,82.57,198,12,1
2026-02-04,Google Ads,Google Ads,Search | Cabinet Painting,5.6,15,1,0
2026-02-04,Google Ads,Google Ads,Search | Drywall Repair,87.21,234,17,1
2026-02-04,Google Ads,Google Ads,Search | Minor Remodeling,287.79,506,32,1
2026-02-04,Meta,Facebook Ads,Meta | Home Refresh,187.55,3794,64,2
2026-02-04,Meta,Facebook Ads,Meta | Free Estimate,80.92,1974,37,1
2026-02-05,Google Ads,Google Ads,Search | Interior Painting,335.81,713,43,3
2026-02-05,Google Ads,Google Ads,Search | Exterior Painting,490.41,1045,57,4
2026-02-05,Google Ads,Google Ads,Search | Cabinet Painting,229.05,566,36,1
2026-02-05,Google Ads,Google Ads,Search | Drywall Repair,74.51,252,16,1
2026-02-05,Google Ads,Google Ads,Search | Minor Remodeling,94.08,159,9,0
2026-02-05,Meta,Facebook Ads,Meta | Home Refresh,149.6,3184,53,2
2026-02-05,Meta,Facebook Ads,Meta | Free Estimate,206.88,4937,99,2
2026-02-06,Google Ads,Google Ads,Search | Interior Painting,114.06,282,18,1
2026-02-06,Google Ads,Google Ads,Search | Exterior Painting,19.9,44,3,0
2026-02-06,Google Ads,Google Ads,Search | Cabinet Painting,26.88,55,4,0
2026-02-06,Google Ads,Google Ads,Search | Drywall Repair,80.23,256,16,0
2026-02-06,Google Ads,Google Ads,Search | Minor Remodeling,248.45,492,28,1
2026-02-06,Meta,Facebook Ads,Meta | Home Refresh,52.98,1078,19,1
2026-02-06,Meta,Facebook Ads,Meta | Free Estimate,28.89,638,14,0
2026-02-07,Google Ads,Google Ads,Search | Interior Painting,401.59,1141,62,4
2026-02-07,Google Ads,Google Ads,Search | Exterior Painting,295.25,553,34,2
2026-02-07,Google Ads,Google Ads,Search | Cabinet Painting,5.0,16,1,0
2026-02-07,Google Ads,Google Ads,Search | Drywall Repair,7.64,14,1,0
2026-02-07,Google Ads,Google Ads,Search | Minor Remodeling,299.09,535,30,2
2026-02-07,Meta,Facebook Ads,Meta | Home Refresh,183.33,3480,61,2
2026-02-07,Meta,Facebook Ads,Meta | Free Estimate,31.47,593,13,0
2026-02-08,Google Ads,Google Ads,Search | Interior Painting,34.9,81,6,0
2026-02-08,Google Ads,Google Ads,Search | Exterior Painting,110.9,224,15,1
2026-02-08,Google Ads,Google Ads,Search | Cabinet Painting,115.36,223,15,1
2026-02-08,Google Ads,Google Ads,Search | Drywall Repair,72.22,177,13,1
2026-02-08,Google Ads,Google Ads,Search | Minor Remodeling,295.88,590,33,1
2026-02-08,Meta,Facebook Ads,Meta | Home Refresh,75.9,1664,24,1
2026-02-08,Meta,Facebook Ads,Meta | Free Estimate,40.95,785,17,0
2026-02-09,Google Ads,Google Ads,Search | Interior Painting,288.84,568,41,3
2026-02-09,Google Ads,Google Ads,Search | Exterior Painting,67.46,167,10,0
2026-02-09,Google Ads,Google Ads,Search | Cabinet Painting,278.41,729,44,2
2026-02-09,Google Ads,Google Ads,Search | Drywall Repair,121.07,359,24,1
2026-02-09,Google Ads,Google Ads,Search | Minor Remodeling,5.0,19,1,0
2026-02-09,Meta,Facebook Ads,Meta | Home Refresh,182.65,3380,58,2
2026-02-09,Meta,Facebook Ads,Meta | Free Estimate,12.25,332,7,0
2026-02-10,Google Ads,Google Ads,Search | Interior Painting,243.76,437,34,3
2026-02-10,Google Ads,Google Ads,Search | Exterior Painting,394.59,817,62,3
2026-02-10,Google Ads,Google Ads,Search | Cabinet Painting,245.57,554,41,2
2026-02-10,Google Ads,Google Ads,Search | Drywall Repair,109.95,326,22,1
2026-02-10,Google Ads,Google Ads,Search | Minor Remodeling,230.31,425,22,1
2026-02-10,Meta,Facebook Ads,Meta | Home Refresh,172.43,3661,65,2
2026-02-10,Meta,Facebook Ads,Meta | Free Estimate,103.11,2347,52,2
2026-02-11,Google Ads,Google Ads,Search | Interior Painting,201.28,379,27,1
2026-02-11,Google Ads,Google Ads,Search | Exterior Painting,29.42,69,4,0
2026-02-11,Google Ads,Google Ads,Search | Cabinet Painting,121.49,222,16,1
2026-02-11,Google Ads,Google Ads,Search | Drywall Repair,106.65,274,20,1
2026-02-11,Google Ads,Google Ads,Search | Minor Remodeling,150.91,335,16,1
2026-02-11,Meta,Facebook Ads,Meta | Home Refresh,210.1,5143,88,2
2026-02-11,Meta,Facebook Ads,Meta | Free Estimate,141.95,3131,71,3
2026-02-12,Google Ads,Google Ads,Search | Interior Painting,29.76,69,4,0
2026-02-12,Google Ads,Google Ads,Search | Exterior Painting,160.51,337,18,2
2026-02-12,Google Ads,Google Ads,Search | Cabinet Painting,17.64,51,3,0
2026-02-12,Google Ads,Google Ads,Search | Drywall Repair,5.0,14,1,0
2026-02-12,Google Ads,Google Ads,Search | Minor Remodeling,5.8,20,1,0
2026-02-12,Meta,Facebook Ads,Meta | Home Refresh,10.39,180,3,0
2026-02-12,Meta,Facebook Ads,Meta | Free Estimate,60.69,1181,27,2
2026-02-13,Google Ads,Google Ads,Search | Interior Painting,473.79,1109,72,5
2026-02-13,Google Ads,Google Ads,Search | Exterior Painting,631.92,1319,81,5
2026-02-13,Google Ads,Google Ads,Search | Cabinet Painting,62.29,106,8,0
2026-02-13,Google Ads,Google Ads,Search | Drywall Repair,12.32,32,2,0
2026-02-13,Google Ads,Google Ads,Search | Minor Remodeling,159.79,331,17,1
2026-02-13,Meta,Facebook Ads,Meta | Home Refresh,93.28,1601,31,1
2026-02-13,Meta,Facebook Ads,Meta | Free Estimate,54.44,1156,24,1
2026-02-14,Google Ads,Google Ads,Search | Interior Painting,69.85,133,9,0
2026-02-14,Google Ads,Google Ads,Search | Exterior Painting,57.26,126,7,0
2026-02-14,Google Ads,Google Ads,Search | Cabinet Painting,88.43,211,14,1
2026-02-14,Google Ads,Google Ads,Search | Drywall Repair,30.92,70,5,0
2026-02-14,Google Ads,Google Ads,Search | Minor Remodeling,43.18,98,5,0
2026-02-14,Meta,Facebook Ads,Meta | Home Refresh,185.89,3864,67,3
2026-02-14,Meta,Facebook Ads,Meta | Free Estimate,16.83,323,7,0
2026-02-15,Google Ads,Google Ads,Search | Interior Painting,13.17,27,2,0
2026-02-15,Google Ads,Google Ads,Search | Exterior Painting,25.61,69,4,0
2026-02-15,Google Ads,Google Ads,Search | Cabinet Painting,60.59,122,10,0
2026-02-15,Google Ads,Google Ads,Search | Drywall Repair,155.99,392,28,2
2026-02-15,Google Ads,Google Ads,Search | Minor Remodeling,211.68,421,25,0
2026-02-15,Meta,Facebook Ads,Meta | Home Refresh,30.71,739,12,0
2026-02-15,Meta,Facebook Ads,Meta | Free Estimate,92.0,1956,42,1
2026-02-16,Google Ads,Google Ads,Search | Interior Painting,56.42,118,8,0
2026-02-16,Google Ads,Google Ads,Search | Exterior Painting,152.33,317,17,1
2026-02-16,Google Ads,Google Ads,Search | Cabinet Painting,83.1,161,12,1
2026-02-16,Google Ads,Google Ads,Search | Drywall Repair,204.83,527,38,2
2026-02-16,Google Ads,Google Ads,Search | Minor Remodeling,163.5,314,17,1
2026-02-16,Meta,Facebook Ads,Meta | Home Refresh,5.0,122,2,0
2026-02-16,Meta,Facebook Ads,Meta | Free Estimate,375.91,8781,179,4
2026-02-17,Google Ads,Google Ads,Search | Interior Painting,62.19,126,8,0
2026-02-17,Google Ads,Google Ads,Search | Exterior Painting,425.1,656,50,4
2026-02-17,Google Ads,Google Ads,Search | Cabinet Painting,188.36,548,33,2
2026-02-17,Google Ads,Google Ads,Search | Drywall Repair,14.59,49,3,0
2026-02-17,Google Ads,Google Ads,Search | Minor Remodeling,28.14,55,3,0
2026-02-17,Meta,Facebook Ads,Meta | Home Refresh,189.15,3835,63,4
2026-02-17,Meta,Facebook Ads,Meta | Free Estimate,189.21,4007,92,3
2026-02-18,Google Ads,Google Ads,Search | Interior Painting,123.06,244,18,1
2026-02-18,Google Ads,Google Ads,Search | Exterior Painting,47.74,102,6,0
2026-02-18,Google Ads,Google Ads,Search | Cabinet Painting,169.95,353,27,2
2026-02-18,Google Ads,Google Ads,Search | Drywall Repair,5.0,14,1,0
2026-02-18,Google Ads,Google Ads,Search | Minor Remodeling,55.69,105,6,0
2026-02-18,Meta,Facebook Ads,Meta | Home Refresh,206.64,4122,63,2
2026-02-18,Meta,Facebook Ads,Meta | Free Estimate,82.56,2074,41,2
2026-02-19,Google Ads,Google Ads,Search | Interior Painting,230.63,435,31,2
2026-02-19,Google Ads,Google Ads,Search | Exterior Painting,184.12,367,22,2
2026-02-19,Google Ads,Google Ads,Search | Cabinet Painting,5.22,13,1,0
2026-02-19,Google Ads,Google Ads,Search | Drywall Repair,68.28,140,12,1
2026-02-19,Google Ads,Google Ads,Search | Minor Remodeling,66.06,148,8,0
2026-02-19,Meta,Facebook Ads,Meta | Home Refresh,236.03,5164,95,3
2026-02-19,Meta,Facebook Ads,Meta | Free Estimate,39.7,895,17,1
2026-02-20,Google Ads,Google Ads,Search | Interior Painting,209.89,488,30,2
2026-02-20,Google Ads,Google Ads,Search | Exterior Painting,417.49,776,45,4
2026-02-20,Google Ads,Google Ads,Search | Cabinet Painting,10.1,30,2,0
2026-02-20,Google Ads,Google Ads,Search | Drywall Repair,277.45,700,62,2
2026-02-20,Google Ads,Google Ads,Search | Minor Remodeling,88.61,185,10,0
2026-02-20,Meta,Facebook Ads,Meta | Home Refresh,76.24,1770,27,1
2026-02-20,Meta,Facebook Ads,Meta | Free Estimate,246.12,5294,112,5
2026-02-21,Google Ads,Google Ads,Search | Interior Painting,516.5,1122,75,5
2026-02-21,Google Ads,Google Ads,Search | Exterior Painting,311.25,758,41,3
2026-02-21,Google Ads,Google Ads,Search | Cabinet Painting,297.42,598,43,2
2026-02-21,Google Ads,Google Ads,Search | Drywall Repair,138.94,359,26,1
2026-02-21,Google Ads,Google Ads,Search | Minor Remodeling,10.57,16,1,0
2026-02-21,Meta,Facebook Ads,Meta | Home Refresh,131.73,2284,45,2
2026-02-21,Meta,Facebook Ads,Meta | Free Estimate,110.66,3160,64,2
2026-02-22,Google Ads,Google Ads,Search | Interior Painting,199.04,492,30,1
2026-02-22,Google Ads,Google Ads,Search | Exterior Painting,173.44,400,23,1
2026-02-22,Google Ads,Google Ads,Search | Cabinet Painting,5.0,17,1,0
2026-02-22,Google Ads,Google Ads,Search | Drywall Repair,28.0,99,6,0
2026-02-22,Google Ads,Google Ads,Search | Minor Remodeling,33.89,57,3,0
2026-02-22,Meta,Facebook Ads,Meta | Home Refresh,93.63,1856,34,1
2026-02-22,Meta,Facebook Ads,Meta | Free Estimate,68.54,1532,34,3
2026-02-23,Google Ads,Google Ads,Search | Interior Painting,135.77,294,17,1
2026-02-23,Google Ads,Google Ads,Search | Exterior Painting,301.86,584,32,2
2026-02-23,Google Ads,Google Ads,Search | Cabinet Painting,5.0,16,1,0
2026-02-23,Google Ads,Google Ads,Search | Drywall Repair,26.63,65,4,0
2026-02-23,Google Ads,Google Ads,Search | Minor Remodeling,16.57,38,2,0
2026-02-23,Meta,Facebook Ads,Meta | Home Refresh,280.32,6131,106,3
2026-02-23,Meta,Facebook Ads,Meta | Free Estimate,66.78,1354,28,1
2026-02-24,Google Ads,Google Ads,Search | Interior Painting,355.25,771,46,2
2026-02-24,Google Ads,Google Ads,Search | Exterior Painting,379.24,711,42,3
2026-02-24,Google Ads,Google Ads,Search | Cabinet Painting,45.54,118,7,1
2026-02-24,Google Ads,Google Ads,Search | Drywall Repair,170.73,442,33,1
2026-02-24,Google Ads,Google Ads,Search | Minor Remodeling,517.41,956,52,3
2026-02-24,Meta,Facebook Ads,Meta | Home Refresh,258.47,5149,82,2
2026-02-24,Meta,Facebook Ads,Meta | Free Estimate,167.3,3381,77,2
2026-02-25,Google Ads,Google Ads,Search | Interior Painting,330.39,677,47,3
2026-02-25,Google Ads,Google Ads,Search | Exterior Painting,77.9,145,9,0
2026-02-25,Google Ads,Google Ads,Search | Cabinet Painting,360.4,815,49,3
2026-02-25,Google Ads,Google Ads,Search | Drywall Repair,69.16,194,13,1
2026-02-25,Google Ads,Google Ads,Search | Minor Remodeling,22.51,36,2,0
2026-02-25,Meta,Facebook Ads,Meta | Home Refresh,57.36,1305,23,0
2026-02-25,Meta,Facebook Ads,Meta | Free Estimate,192.63,5069,92,4
2026-02-26,Google Ads,Google Ads,Search | Interior Painting,100.01,283,17,1
2026-02-26,Google Ads,Google Ads,Search | Exterior Painting,454.08,846,54,3
2026-02-26,Google Ads,Google Ads,Search | Cabinet Painting,67.02,161,10,1
2026-02-26,Google Ads,Google Ads,Search | Drywall Repair,150.26,420,29,2
2026-02-26,Google Ads,Google Ads,Search | Minor Remodeling,19.07,40,2,0
2026-02-26,Meta,Facebook Ads,Meta | Home Refresh,60.59,989,18,2
2026-02-26,Meta,Facebook Ads,Meta | Free Estimate,115.81,2146,47,3
2026-02-27,Google Ads,Google Ads,Search | Interior Painting,275.51,509,31,4
2026-02-27,Google Ads,Google Ads,Search | Exterior Painting,445.39,742,52,3
2026-02-27,Google Ads,Google Ads,Search | Cabinet Painting,17.55,43,3,0
2026-02-27,Google Ads,Google Ads,Search | Drywall Repair,58.1,182,11,0
2026-02-27,Google Ads,Google Ads,Search | Minor Remodeling,5.0,16,1,0
2026-02-27,Meta,Facebook Ads,Meta | Home Refresh,295.21,5461,97,3
2026-02-27,Meta,Facebook Ads,Meta | Free Estimate,158.53,3154,70,3
2026-02-28,Google Ads,Google Ads,Search | Interior Painting,411.55,1051,58,4
2026-02-28,Google Ads,Google Ads,Search | Exterior Painting,13.55,33,2,0
2026-02-28,Google Ads,Google Ads,Search | Cabinet Painting,12.52,30,2,0
2026-02-28,Google Ads,Google Ads,Search | Drywall Repair,10.11,29,2,0
2026-02-28,Google Ads,Google Ads,Search | Minor Remodeling,64.26,90,5,0
2026-02-28,Meta,Facebook Ads,Meta | Home Refresh,11.99,193,4,0
2026-02-28,Meta,Facebook Ads,Meta | Free Estimate,134.21,3189,60,2
2026-03-01,Google Ads,Google Ads,Search | Interior Painting,279.24,535,39,1
2026-03-01,Google Ads,Google Ads,Search | Exterior Painting,161.7,343,20,1
2026-03-01,Google Ads,Google Ads,Search | Cabinet Painting,8.27,13,1,0
2026-03-01,Google Ads,Google Ads,Search | Drywall Repair,63.44,121,9,1
2026-03-01,Google Ads,Google Ads,Search | Minor Remodeling,72.87,126,7,0
2026-03-01,Meta,Facebook Ads,Meta | Home Refresh,120.68,2917,50,2
2026-03-01,Meta,Facebook Ads,Meta | Seasonal Promo,5.0,106,2,0
2026-03-01,Meta,Facebook Ads,Meta | Free Estimate,74.03,1663,32,1
2026-03-02,Google Ads,Google Ads,Search | Interior Painting,115.43,278,17,1
2026-03-02,Google Ads,Google Ads,Search | Exterior Painting,220.26,572,32,2
2026-03-02,Google Ads,Google Ads,Search | Cabinet Painting,193.03,501,34,2
2026-03-02,Google Ads,Google Ads,Search | Drywall Repair,5.0,16,1,0
2026-03-02,Google Ads,Google Ads,Search | Minor Remodeling,211.26,398,23,1
2026-03-02,Meta,Facebook Ads,Meta | Home Refresh,110.12,1864,33,1
2026-03-02,Meta,Facebook Ads,Meta | Seasonal Promo,10.43,232,4,0
2026-03-02,Meta,Facebook Ads,Meta | Free Estimate,86.28,1956,41,1
2026-03-03,Google Ads,Google Ads,Search | Interior Painting,892.47,2158,134,7
2026-03-03,Google Ads,Google Ads,Search | Exterior Painting,136.8,361,19,2
2026-03-03,Google Ads,Google Ads,Search | Cabinet Painting,34.61,65,4,0
2026-03-03,Google Ads,Google Ads,Search | Drywall Repair,83.05,218,16,1
2026-03-03,Google Ads,Google Ads,Search | Minor Remodeling,155.46,278,15,1
2026-03-03,Meta,Facebook Ads,Meta | Home Refresh,208.08,4404,77,2
2026-03-03,Meta,Facebook Ads,Meta | Seasonal Promo,88.37,1753,39,1
2026-03-03,Meta,Facebook Ads,Meta | Free Estimate,178.1,4175,87,5
2026-03-04,Google Ads,Google Ads,Search | Interior Painting,378.37,858,54,4
2026-03-04,Google Ads,Google Ads,Search | Exterior Painting,377.49,709,43,3
2026-03-04,Google Ads,Google Ads,Search | Cabinet Painting,100.39,198,14,1
2026-03-04,Google Ads,Google Ads,Search | Drywall Repair,26.61,76,5,0
2026-03-04,Google Ads,Google Ads,Search | Minor Remodeling,148.14,311,17,1
2026-03-04,Meta,Facebook Ads,Meta | Home Refresh,94.12,1884,34,1
2026-03-04,Meta,Facebook Ads,Meta | Seasonal Promo,124.51,2640,49,0
2026-03-04,Meta,Facebook Ads,Meta | Free Estimate,109.11,2601,52,2
2026-03-05,Google Ads,Google Ads,Search | Interior Painting,125.45,338,22,1
2026-03-05,Google Ads,Google Ads,Search | Exterior Painting,207.94,318,20,2
2026-03-05,Google Ads,Google Ads,Search | Cabinet Painting,85.01,187,13,1
2026-03-05,Google Ads,Google Ads,Search | Drywall Repair,155.69,435,27,1
2026-03-05,Google Ads,Google Ads,Search | Minor Remodeling,127.39,276,14,1
2026-03-05,Meta,Facebook Ads,Meta | Home Refresh,9.2,254,4,0
2026-03-05,Meta,Facebook Ads,Meta | Seasonal Promo,58.73,1220,23,1
2026-03-05,Meta,Facebook Ads,Meta | Free Estimate,15.92,358,8,0
2026-03-06,Google Ads,Google Ads,Search | Interior Painting,220.96,515,34,2
2026-03-06,Google Ads,Google Ads,Search | Exterior Painting,51.59,121,7,0
2026-03-06,Google Ads,Google Ads,Search | Cabinet Painting,46.62,109,7,0
2026-03-06,Google Ads,Google Ads,Search | Drywall Repair,159.06,434,27,2
2026-03-06,Google Ads,Google Ads,Search | Minor Remodeling,330.92,515,29,2
2026-03-06,Meta,Facebook Ads,Meta | Home Refresh,352.02,8157,134,5
2026-03-06,Meta,Facebook Ads,Meta | Seasonal Promo,157.27,3309,70,3
2026-03-06,Meta,Facebook Ads,Meta | Free Estimate,146.47,3326,70,2
2026-03-07,Google Ads,Google Ads,Search | Interior Painting,107.42,207,16,1
2026-03-07,Google Ads,Google Ads,Search | Exterior Painting,170.19,381,22,1
2026-03-07,Google Ads,Google Ads,Search | Cabinet Painting,151.59,377,23,1
2026-03-07,Google Ads,Google Ads,Search | Drywall Repair,73.0,144,11,1
2026-03-07,Google Ads,Google Ads,Search | Minor Remodeling,164.08,336,17,1
2026-03-07,Meta,Facebook Ads,Meta | Home Refresh,155.14,3093,51,2
2026-03-07,Meta,Facebook Ads,Meta | Seasonal Promo,66.22,1307,28,0
2026-03-07,Meta,Facebook Ads,Meta | Free Estimate,7.42,188,4,0
2026-03-08,Google Ads,Google Ads,Search | Interior Painting,346.83,738,48,3
2026-03-08,Google Ads,Google Ads,Search | Exterior Painting,6.44,18,1,0
2026-03-08,Google Ads,Google Ads,Search | Cabinet Painting,30.46,69,5,0
2026-03-08,Google Ads,Google Ads,Search | Drywall Repair,167.02,414,30,1
2026-03-08,Google Ads,Google Ads,Search | Minor Remodeling,149.73,324,20,1
2026-03-08,Meta,Facebook Ads,Meta | Home Refresh,101.06,2070,35,0
2026-03-08,Meta,Facebook Ads,Meta | Seasonal Promo,197.6,4934,86,4
2026-03-08,Meta,Facebook Ads,Meta | Free Estimate,75.43,1935,35,1
2026-03-09,Google Ads,Google Ads,Search | Interior Painting,15.29,29,2,0
2026-03-09,Google Ads,Google Ads,Search | Exterior Painting,167.25,364,22,1
2026-03-09,Google Ads,Google Ads,Search | Cabinet Painting,301.09,577,38,2
2026-03-09,Google Ads,Google Ads,Search | Drywall Repair,211.02,536,38,3
2026-03-09,Google Ads,Google Ads,Search | Minor Remodeling,298.59,604,33,1
2026-03-09,Meta,Facebook Ads,Meta | Home Refresh,86.14,2063,34,1
2026-03-09,Meta,Facebook Ads,Meta | Seasonal Promo,159.25,3492,61,3
2026-03-09,Meta,Facebook Ads,Meta | Free Estimate,185.68,4311,101,3
2026-03-10,Google Ads,Google Ads,Search | Interior Painting,5.0,16,1,0
2026-03-10,Google Ads,Google Ads,Search | Exterior Painting,164.83,265,18,1
2026-03-10,Google Ads,Google Ads,Search | Cabinet Painting,110.65,208,15,1
2026-03-10,Google Ads,Google Ads,Search | Drywall Repair,31.95,92,6,0
2026-03-10,Google Ads,Google Ads,Search | Minor Remodeling,177.74,380,20,1
2026-03-10,Meta,Facebook Ads,Meta | Home Refresh,91.96,1958,34,1
2026-03-10,Meta,Facebook Ads,Meta | Seasonal Promo,114.95,2057,41,2
2026-03-10,Meta,Facebook Ads,Meta | Free Estimate,110.01,2662,50,1
2026-03-11,Google Ads,Google Ads,Search | Interior Painting,125.34,356,18,1
2026-03-11,Google Ads,Google Ads,Search | Exterior Painting,595.93,980,67,4
2026-03-11,Google Ads,Google Ads,Search | Cabinet Painting,200.26,411,28,2
2026-03-11,Google Ads,Google Ads,Search | Drywall Repair,5.0,16,1,0
2026-03-11,Google Ads,Google Ads,Search | Minor Remodeling,347.41,731,35,2
2026-03-11,Meta,Facebook Ads,Meta | Home Refresh,158.44,3198,57,4
2026-03-11,Meta,Facebook Ads,Meta | Seasonal Promo,101.3,2576,44,1
2026-03-11,Meta,Facebook Ads,Meta | Free Estimate,260.51,4989,108,3
2026-03-12,Google Ads,Google Ads,Search | Interior Painting,120.73,302,20,1
2026-03-12,Google Ads,Google Ads,Search | Exterior Painting,270.73,575,38,2
2026-03-12,Google Ads,Google Ads,Search | Cabinet Painting,23.81,45,3,0
2026-03-12,Google Ads,Google Ads,Search | Drywall Repair,62.93,183,12,2
2026-03-12,Google Ads,Google Ads,Search | Minor Remodeling,128.15,232,13,1
2026-03-12,Meta,Facebook Ads,Meta | Home Refresh,144.02,2451,46,2
2026-03-12,Meta,Facebook Ads,Meta | Seasonal Promo,243.79,4630,98,4
2026-03-12,Meta,Facebook Ads,Meta | Free Estimate,27.38,686,14,0
2026-03-13,Google Ads,Google Ads,Search | Interior Painting,125.31,278,18,1
2026-03-13,Google Ads,Google Ads,Search | Exterior Painting,395.72,935,51,3
2026-03-13,Google Ads,Google Ads,Search | Cabinet Painting,52.59,100,7,0
2026-03-13,Google Ads,Google Ads,Search | Drywall Repair,51.06,116,9,0
2026-03-13,Google Ads,Google Ads,Search | Minor Remodeling,67.57,135,8,0
2026-03-13,Meta,Facebook Ads,Meta | Home Refresh,9.62,181,3,0
2026-03-13,Meta,Facebook Ads,Meta | Seasonal Promo,71.12,1614,30,1
2026-03-13,Meta,Facebook Ads,Meta | Free Estimate,95.42,2770,46,2
2026-03-14,Google Ads,Google Ads,Search | Interior Painting,117.6,266,18,1
2026-03-14,Google Ads,Google Ads,Search | Exterior Painting,5.0,15,1,0
2026-03-14,Google Ads,Google Ads,Search | Cabinet Painting,123.88,230,17,0
2026-03-14,Google Ads,Google Ads,Search | Drywall Repair,184.65,560,37,2
2026-03-14,Google Ads,Google Ads,Search | Minor Remodeling,164.87,236,14,1
2026-03-14,Meta,Facebook Ads,Meta | Home Refresh,5.34,114,2,0
2026-03-14,Meta,Facebook Ads,Meta | Seasonal Promo,7.07,158,3,0
2026-03-14,Meta,Facebook Ads,Meta | Free Estimate,9.89,198,5,0
2026-03-15,Google Ads,Google Ads,Search | Interior Painting,69.84,151,10,0
2026-03-15,Google Ads,Google Ads,Search | Exterior Painting,5.0,20,1,0
2026-03-15,Google Ads,Google Ads,Search | Cabinet Painting,5.0,15,1,0
2026-03-15,Google Ads,Google Ads,Search | Drywall Repair,26.4,77,5,0
2026-03-15,Google Ads,Google Ads,Search | Minor Remodeling,68.54,109,6,0
2026-03-15,Meta,Facebook Ads,Meta | Home Refresh,16.02,358,6,0
2026-03-15,Meta,Facebook Ads,Meta | Seasonal Promo,162.49,2509,51,2
2026-03-15,Meta,Facebook Ads,Meta | Free Estimate,73.73,1670,36,1
2026-03-16,Google Ads,Google Ads,Search | Interior Painting,221.6,433,31,3
2026-03-16,Google Ads,Google Ads,Search | Exterior Painting,140.03,228,15,1
2026-03-16,Google Ads,Google Ads,Search | Cabinet Painting,9.2,15,1,0
2026-03-16,Google Ads,Google Ads,Search | Drywall Repair,185.09,445,35,4
2026-03-16,Google Ads,Google Ads,Search | Minor Remodeling,153.1,284,15,1
2026-03-16,Meta,Facebook Ads,Meta | Home Refresh,122.47,2709,42,0
2026-03-16,Meta,Facebook Ads,Meta | Seasonal Promo,76.05,1803,35,1
2026-03-16,Meta,Facebook Ads,Meta | Free Estimate,61.21,1882,36,1
2026-03-17,Google Ads,Google Ads,Search | Interior Painting,21.58,44,3,0
2026-03-17,Google Ads,Google Ads,Search | Exterior Painting,157.89,306,21,1
2026-03-17,Google Ads,Google Ads,Search | Cabinet Painting,193.3,445,32,2
2026-03-17,Google Ads,Google Ads,Search | Drywall Repair,215.89,448,33,3
2026-03-17,Google Ads,Google Ads,Search | Minor Remodeling,481.97,950,54,2
2026-03-17,Meta,Facebook Ads,Meta | Home Refresh,399.88,8647,142,3
2026-03-17,Meta,Facebook Ads,Meta | Seasonal Promo,80.57,1726,30,1
2026-03-17,Meta,Facebook Ads,Meta | Free Estimate,65.64,1390,35,2
2026-03-18,Google Ads,Google Ads,Search | Interior Painting,19.56,46,3,0
2026-03-18,Google Ads,Google Ads,Search | Exterior Painting,166.11,419,22,1
2026-03-18,Google Ads,Google Ads,Search | Cabinet Painting,224.21,552,36,3
2026-03-18,Google Ads,Google Ads,Search | Drywall Repair,185.05,414,32,1
2026-03-18,Google Ads,Google Ads,Search | Minor Remodeling,25.62,36,2,0
2026-03-18,Meta,Facebook Ads,Meta | Home Refresh,100.39,1944,35,1
2026-03-18,Meta,Facebook Ads,Meta | Seasonal Promo,127.51,2246,45,1
2026-03-18,Meta,Facebook Ads,Meta | Free Estimate,299.91,6571,134,6
2026-03-19,Google Ads,Google Ads,Search | Interior Painting,399.54,956,57,5
2026-03-19,Google Ads,Google Ads,Search | Exterior Painting,5.04,20,1,0
2026-03-19,Google Ads,Google Ads,Search | Cabinet Painting,54.89,161,10,0
2026-03-19,Google Ads,Google Ads,Search | Drywall Repair,190.11,445,28,2
2026-03-19,Google Ads,Google Ads,Search | Minor Remodeling,159.47,355,19,1
2026-03-19,Meta,Facebook Ads,Meta | Home Refresh,160.33,3395,54,2
2026-03-19,Meta,Facebook Ads,Meta | Seasonal Promo,185.16,3707,76,2
2026-03-19,Meta,Facebook Ads,Meta | Free Estimate,240.72,5924,115,3
2026-03-20,Google Ads,Google Ads,Search | Interior Painting,254.44,536,34,3
2026-03-20,Google Ads,Google Ads,Search | Exterior Painting,90.6,167,11,0
2026-03-20,Google Ads,Google Ads,Search | Cabinet Painting,269.46,616,41,3
2026-03-20,Google Ads,Google Ads,Search | Drywall Repair,108.35,301,21,1
2026-03-20,Google Ads,Google Ads,Search | Minor Remodeling,168.07,336,18,0
2026-03-20,Meta,Facebook Ads,Meta | Home Refresh,13.09,271,5,0
2026-03-20,Meta,Facebook Ads,Meta | Seasonal Promo,57.69,1303,23,1
2026-03-20,Meta,Facebook Ads,Meta | Free Estimate,78.26,2074,43,2
2026-03-21,Google Ads,Google Ads,Search | Interior Painting,235.55,655,42,2
2026-03-21,Google Ads,Google Ads,Search | Exterior Painting,500.38,990,57,4
2026-03-21,Google Ads,Google Ads,Search | Cabinet Painting,26.75,55,4,0
2026-03-21,Google Ads,Google Ads,Search | Drywall Repair,19.16,60,4,0
2026-03-21,Google Ads,Google Ads,Search | Minor Remodeling,12.68,18,1,0
2026-03-21,Meta,Facebook Ads,Meta | Home Refresh,138.35,2774,43,1
2026-03-21,Meta,Facebook Ads,Meta | Seasonal Promo,173.9,4445,82,2
2026-03-21,Meta,Facebook Ads,Meta | Free Estimate,209.66,4251,95,3
2026-03-22,Google Ads,Google Ads,Search | Interior Painting,195.98,331,23,1
2026-03-22,Google Ads,Google Ads,Search | Exterior Painting,16.64,32,2,0
2026-03-22,Google Ads,Google Ads,Search | Cabinet Painting,137.18,276,20,1
2026-03-22,Google Ads,Google Ads,Search | Drywall Repair,28.41,85,6,0
2026-03-22,Google Ads,Google Ads,Search | Minor Remodeling,211.84,388,22,1
2026-03-22,Meta,Facebook Ads,Meta | Home Refresh,96.27,1919,30,1
2026-03-22,Meta,Facebook Ads,Meta | Seasonal Promo,7.37,140,3,0
2026-03-22,Meta,Facebook Ads,Meta | Free Estimate,19.42,506,10,0
2026-03-23,Google Ads,Google Ads,Search | Interior Painting,349.91,714,49,3
2026-03-23,Google Ads,Google Ads,Search | Exterior Painting,596.82,883,56,6
2026-03-23,Google Ads,Google Ads,Search | Cabinet Painting,361.63,824,55,3
2026-03-23,Google Ads,Google Ads,Search | Drywall Repair,111.36,254,19,1
2026-03-23,Google Ads,Google Ads,Search | Minor Remodeling,409.01,708,41,3
2026-03-23,Meta,Facebook Ads,Meta | Home Refresh,11.89,220,4,0
2026-03-23,Meta,Facebook Ads,Meta | Seasonal Promo,68.48,1784,32,1
2026-03-23,Meta,Facebook Ads,Meta | Free Estimate,120.83,2684,56,1
2026-03-24,Google Ads,Google Ads,Search | Interior Painting,387.13,771,62,3
2026-03-24,Google Ads,Google Ads,Search | Exterior Painting,36.56,83,5,0
2026-03-24,Google Ads,Google Ads,Search | Cabinet Painting,190.05,413,30,1
2026-03-24,Google Ads,Google Ads,Search | Drywall Repair,78.6,175,12,1
2026-03-24,Google Ads,Google Ads,Search | Minor Remodeling,75.21,121,7,0
2026-03-24,Meta,Facebook Ads,Meta | Home Refresh,59.39,1081,19,2
2026-03-24,Meta,Facebook Ads,Meta | Seasonal Promo,186.12,3883,75,3
2026-03-24,Meta,Facebook Ads,Meta | Free Estimate,116.24,2286,50,2
2026-03-25,Google Ads,Google Ads,Search | Interior Painting,117.2,319,17,1
2026-03-25,Google Ads,Google Ads,Search | Exterior Painting,328.27,697,43,3
2026-03-25,Google Ads,Google Ads,Search | Cabinet Painting,142.14,291,20,1
2026-03-25,Google Ads,Google Ads,Search | Drywall Repair,107.29,230,16,1
2026-03-25,Google Ads,Google Ads,Search | Minor Remodeling,15.41,36,2,0
2026-03-25,Meta,Facebook Ads,Meta | Home Refresh,199.89,4917,79,1
2026-03-25,Meta,Facebook Ads,Meta | Seasonal Promo,153.47,3051,60,1
2026-03-25,Meta,Facebook Ads,Meta | Free Estimate,100.8,2404,49,3
2026-03-26,Google Ads,Google Ads,Search | Interior Painting,84.9,194,12,2
2026-03-26,Google Ads,Google Ads,Search | Exterior Painting,678.96,1747,93,7
2026-03-26,Google Ads,Google Ads,Search | Cabinet Painting,122.61,247,18,2
2026-03-26,Google Ads,Google Ads,Search | Drywall Repair,264.09,713,47,2
2026-03-26,Google Ads,Google Ads,Search | Minor Remodeling,135.02,289,18,1
2026-03-26,Meta,Facebook Ads,Meta | Home Refresh,106.84,1656,33,1
2026-03-26,Meta,Facebook Ads,Meta | Seasonal Promo,78.67,1851,36,1
2026-03-26,Meta,Facebook Ads,Meta | Free Estimate,87.8,1914,39,2
2026-03-27,Google Ads,Google Ads,Search | Interior Painting,79.76,183,12,1
2026-03-27,Google Ads,Google Ads,Search | Exterior Painting,196.8,407,26,1
2026-03-27,Google Ads,Google Ads,Search | Cabinet Painting,138.97,356,21,1
2026-03-27,Google Ads,Google Ads,Search | Drywall Repair,35.41,105,7,0
2026-03-27,Google Ads,Google Ads,Search | Minor Remodeling,203.41,331,19,1
2026-03-27,Meta,Facebook Ads,Meta | Home Refresh,96.63,1998,33,2
2026-03-27,Meta,Facebook Ads,Meta | Seasonal Promo,184.16,3227,65,2
2026-03-27,Meta,Facebook Ads,Meta | Free Estimate,7.04,156,3,0
2026-03-28,Google Ads,Google Ads,Search | Interior Painting,328.15,716,52,5
2026-03-28,Google Ads,Google Ads,Search | Exterior Painting,51.63,110,7,0
2026-03-28,Google Ads,Google Ads,Search | Cabinet Painting,291.87,644,43,2
2026-03-28,Google Ads,Google Ads,Search | Drywall Repair,128.15,299,23,2
2026-03-28,Google Ads,Google Ads,Search | Minor Remodeling,16.45,38,2,0
2026-03-28,Meta,Facebook Ads,Meta | Home Refresh,165.52,2715,48,2
2026-03-28,Meta,Facebook Ads,Meta | Seasonal Promo,68.57,1347,25,1
2026-03-28,Meta,Facebook Ads,Meta | Free Estimate,234.72,5867,121,3
2026-03-29,Google Ads,Google Ads,Search | Interior Painting,204.35,510,33,2
2026-03-29,Google Ads,Google Ads,Search | Exterior Painting,138.35,330,20,1
2026-03-29,Google Ads,Google Ads,Search | Cabinet Painting,23.7,41,3,0
2026-03-29,Google Ads,Google Ads,Search | Drywall Repair,13.29,30,2,0
2026-03-29,Google Ads,Google Ads,Search | Minor Remodeling,169.77,459,21,1
2026-03-29,Meta,Facebook Ads,Meta | Home Refresh,103.22,1927,32,0
2026-03-29,Meta,Facebook Ads,Meta | Seasonal Promo,53.15,1124,21,0
2026-03-29,Meta,Facebook Ads,Meta | Free Estimate,33.3,848,17,0
2026-03-30,Google Ads,Google Ads,Search | Interior Painting,200.53,415,28,2
2026-03-30,Google Ads,Google Ads,Search | Exterior Painting,406.6,922,50,2
2026-03-30,Google Ads,Google Ads,Search | Cabinet Painting,653.92,1498,103,5
2026-03-30,Google Ads,Google Ads,Search | Drywall Repair,85.42,223,15,1
2026-03-30,Google Ads,Google Ads,Search | Minor Remodeling,159.57,285,16,1
2026-03-30,Meta,Facebook Ads,Meta | Home Refresh,201.21,4219,78,3
2026-03-30,Meta,Facebook Ads,Meta | Seasonal Promo,130.36,2406,46,1
2026-03-30,Meta,Facebook Ads,Meta | Free Estimate,11.49,216,5,1
2026-03-31,Google Ads,Google Ads,Search | Interior Painting,364.53,774,47,3
2026-03-31,Google Ads,Google Ads,Search | Exterior Painting,240.06,472,29,2
2026-03-31,Google Ads,Google Ads,Search | Cabinet Painting,103.82,210,16,1
2026-03-31,Google Ads,Google Ads,Search | Drywall Repair,205.03,554,44,5
2026-03-31,Google Ads,Google Ads,Search | Minor Remodeling,459.75,973,55,2
2026-03-31,Meta,Facebook Ads,Meta | Home Refresh,8.81,193,3,0
2026-03-31,Meta,Facebook Ads,Meta | Seasonal Promo,67.18,1603,29,1
2026-03-31,Meta,Facebook Ads,Meta | Free Estimate,134.37,3193,68,2
2026-04-01,Google Ads,Google Ads,Search | Interior Painting,330.2,627,47,3
2026-04-01,Google Ads,Google Ads,Search | Exterior Painting,172.03,403,21,1
2026-04-01,Google Ads,Google Ads,Search | Cabinet Painting,248.76,660,42,1
2026-04-01,Google Ads,Google Ads,Search | Drywall Repair,194.11,506,37,2
2026-04-01,Google Ads,Google Ads,Search | Minor Remodeling,132.81,316,18,2
2026-04-01,Meta,Facebook Ads,Meta | Home Refresh,75.57,1909,30,2
2026-04-01,Meta,Facebook Ads,Meta | Seasonal Promo,174.97,3366,64,2
2026-04-01,Meta,Facebook Ads,Meta | Free Estimate,250.91,7416,133,6
2026-04-02,Google Ads,Google Ads,Search | Interior Painting,298.71,664,40,2
2026-04-02,Google Ads,Google Ads,Search | Exterior Painting,402.53,811,47,3
2026-04-02,Google Ads,Google Ads,Search | Cabinet Painting,103.55,208,13,1
2026-04-02,Google Ads,Google Ads,Search | Drywall Repair,89.33,202,14,1
2026-04-02,Google Ads,Google Ads,Search | Minor Remodeling,257.42,562,28,2
2026-04-02,Meta,Facebook Ads,Meta | Home Refresh,277.65,5286,94,4
2026-04-02,Meta,Facebook Ads,Meta | Seasonal Promo,150.8,3593,66,4
2026-04-02,Meta,Facebook Ads,Meta | Free Estimate,95.5,3364,58,3
2026-04-03,Google Ads,Google Ads,Search | Interior Painting,299.58,552,38,2
2026-04-03,Google Ads,Google Ads,Search | Exterior Painting,365.05,749,44,2
2026-04-03,Google Ads,Google Ads,Search | Cabinet Painting,24.88,42,3,0
2026-04-03,Google Ads,Google Ads,Search | Drywall Repair,93.4,254,17,1
2026-04-03,Google Ads,Google Ads,Search | Minor Remodeling,245.86,458,25,2
2026-04-03,Meta,Facebook Ads,Meta | Home Refresh,103.35,2051,36,1
2026-04-03,Meta,Facebook Ads,Meta | Seasonal Promo,184.91,3226,63,2
2026-04-03,Meta,Facebook Ads,Meta | Free Estimate,85.59,2008,42,1
2026-04-04,Google Ads,Google Ads,Search | Interior Painting,176.36,486,28,2
2026-04-04,Google Ads,Google Ads,Search | Exterior Painting,395.36,984,55,3
2026-04-04,Google Ads,Google Ads,Search | Cabinet Painting,25.1,62,4,0
2026-04-04,Google Ads,Google Ads,Search | Drywall Repair,10.4,30,2,0
2026-04-04,Google Ads,Google Ads,Search | Minor Remodeling,234.82,369,22,1
2026-04-04,Meta,Facebook Ads,Meta | Home Refresh,251.33,6462,93,3
2026-04-04,Meta,Facebook Ads,Meta | Seasonal Promo,92.19,1871,39,2
2026-04-04,Meta,Facebook Ads,Meta | Free Estimate,89.12,2434,48,0
2026-04-05,Google Ads,Google Ads,Search | Interior Painting,5.0,16,1,0
2026-04-05,Google Ads,Google Ads,Search | Exterior Painting,25.92,69,4,0
2026-04-05,Google Ads,Google Ads,Search | Cabinet Painting,114.22,262,16,1
2026-04-05,Google Ads,Google Ads,Search | Drywall Repair,5.0,16,1,0
2026-04-05,Google Ads,Google Ads,Search | Minor Remodeling,55.56,112,6,0
2026-04-05,Meta,Facebook Ads,Meta | Home Refresh,103.95,1838,32,1
2026-04-05,Meta,Facebook Ads,Meta | Seasonal Promo,102.71,1682,34,1
2026-04-05,Meta,Facebook Ads,Meta | Free Estimate,53.88,1298,27,0
2026-04-06,Google Ads,Google Ads,Search | Interior Painting,11.82,33,2,0
2026-04-06,Google Ads,Google Ads,Search | Exterior Painting,730.36,1913,94,4
2026-04-06,Google Ads,Google Ads,Search | Cabinet Painting,147.39,303,23,1
2026-04-06,Google Ads,Google Ads,Search | Drywall Repair,92.06,223,15,1
2026-04-06,Google Ads,Google Ads,Search | Minor Remodeling,274.61,563,29,2
2026-04-06,Meta,Facebook Ads,Meta | Home Refresh,29.75,545,9,0
2026-04-06,Meta,Facebook Ads,Meta | Seasonal Promo,13.65,325,6,0
2026-04-06,Meta,Facebook Ads,Meta | Free Estimate,187.44,4305,86,3
2026-04-07,Google Ads,Google Ads,Search | Interior Painting,297.51,798,52,4
2026-04-07,Google Ads,Google Ads,Search | Exterior Painting,273.55,597,34,3
2026-04-07,Google Ads,Google Ads,Search | Cabinet Painting,187.4,432,28,2
2026-04-07,Google Ads,Google Ads,Search | Drywall Repair,26.21,85,6,0
2026-04-07,Google Ads,Google Ads,Search | Minor Remodeling,35.17,67,4,0
2026-04-07,Meta,Facebook Ads,Meta | Home Refresh,96.36,1814,32,1
2026-04-07,Meta,Facebook Ads,Meta | Seasonal Promo,54.41,1123,24,0
2026-04-07,Meta,Facebook Ads,Meta | Free Estimate,110.06,2285,52,2
2026-04-08,Google Ads,Google Ads,Search | Interior Painting,320.31,762,52,3
2026-04-08,Google Ads,Google Ads,Search | Exterior Painting,471.7,997,56,4
2026-04-08,Google Ads,Google Ads,Search | Cabinet Painting,115.04,202,15,1
2026-04-08,Google Ads,Google Ads,Search | Drywall Repair,106.96,384,24,1
2026-04-08,Google Ads,Google Ads,Search | Minor Remodeling,268.33,549,29,2
2026-04-08,Meta,Facebook Ads,Meta | Home Refresh,168.77,3612,58,2
2026-04-08,Meta,Facebook Ads,Meta | Seasonal Promo,88.48,1443,31,3
2026-04-08,Meta,Facebook Ads,Meta | Free Estimate,72.27,1852,39,1
2026-04-09,Google Ads,Google Ads,Search | Interior Painting,403.17,835,59,4
2026-04-09,Google Ads,Google Ads,Search | Exterior Painting,420.27,1009,57,4
2026-04-09,Google Ads,Google Ads,Search | Cabinet Painting,249.81,579,41,3
2026-04-09,Google Ads,Google Ads,Search | Drywall Repair,70.94,176,13,1
2026-04-09,Google Ads,Google Ads,Search | Minor Remodeling,220.44,511,28,2
2026-04-09,Meta,Facebook Ads,Meta | Home Refresh,208.43,4206,75,2
2026-04-09,Meta,Facebook Ads,Meta | Seasonal Promo,22.32,383,7,0
2026-04-09,Meta,Facebook Ads,Meta | Free Estimate,76.89,1617,38,1
2026-04-10,Google Ads,Google Ads,Search | Interior Painting,32.24,89,6,0
2026-04-10,Google Ads,Google Ads,Search | Exterior Painting,289.8,591,37,1
2026-04-10,Google Ads,Google Ads,Search | Cabinet Painting,189.23,486,32,1
2026-04-10,Google Ads,Google Ads,Search | Drywall Repair,6.52,14,1,0
2026-04-10,Google Ads,Google Ads,Search | Minor Remodeling,121.9,269,14,0
2026-04-10,Meta,Facebook Ads,Meta | Home Refresh,81.86,1847,29,1
2026-04-10,Meta,Facebook Ads,Meta | Seasonal Promo,151.02,3511,69,2
2026-04-10,Meta,Facebook Ads,Meta | Free Estimate,31.34,653,14,0
2026-04-11,Google Ads,Google Ads,Search | Interior Painting,234.02,552,34,2
2026-04-11,Google Ads,Google Ads,Search | Exterior Painting,20.44,37,2,0
2026-04-11,Google Ads,Google Ads,Search | Cabinet Painting,76.44,164,12,0
2026-04-11,Google Ads,Google Ads,Search | Drywall Repair,127.19,372,25,1
2026-04-11,Google Ads,Google Ads,Search | Minor Remodeling,70.82,154,7,0
2026-04-11,Meta,Facebook Ads,Meta | Home Refresh,5.0,112,2,0
2026-04-11,Meta,Facebook Ads,Meta | Seasonal Promo,42.04,841,17,0
2026-04-11,Meta,Facebook Ads,Meta | Free Estimate,128.2,2485,58,2
2026-04-12,Google Ads,Google Ads,Search | Interior Painting,107.94,230,12,1
2026-04-12,Google Ads,Google Ads,Search | Exterior Painting,16.26,34,2,0
2026-04-12,Google Ads,Google Ads,Search | Cabinet Painting,218.36,533,37,3
2026-04-12,Google Ads,Google Ads,Search | Drywall Repair,65.29,135,11,0
2026-04-12,Google Ads,Google Ads,Search | Minor Remodeling,45.36,94,5,0
2026-04-12,Meta,Facebook Ads,Meta | Home Refresh,34.44,844,15,0
2026-04-12,Meta,Facebook Ads,Meta | Seasonal Promo,27.43,546,11,0
2026-04-12,Meta,Facebook Ads,Meta | Free Estimate,55.94,1610,33,0
2026-04-13,Google Ads,Google Ads,Search | Interior Painting,442.97,1034,68,4
2026-04-13,Google Ads,Google Ads,Search | Exterior Painting,280.39,649,43,2
2026-04-13,Google Ads,Google Ads,Search | Cabinet Painting,5.0,15,1,0
2026-04-13,Google Ads,Google Ads,Search | Drywall Repair,13.53,43,3,0
2026-04-13,Google Ads,Google Ads,Search | Minor Remodeling,458.5,804,46,5
2026-04-13,Meta,Facebook Ads,Meta | Home Refresh,338.62,6761,114,3
2026-04-13,Meta,Facebook Ads,Meta | Seasonal Promo,156.01,3724,69,3
2026-04-13,Meta,Facebook Ads,Meta | Free Estimate,178.52,3775,80,3
2026-04-14,Google Ads,Google Ads,Search | Interior Painting,253.98,626,39,2
2026-04-14,Google Ads,Google Ads,Search | Exterior Painting,340.25,677,40,3
2026-04-14,Google Ads,Google Ads,Search | Cabinet Painting,34.55,74,5,0
2026-04-14,Google Ads,Google Ads,Search | Drywall Repair,113.92,258,21,1
2026-04-14,Google Ads,Google Ads,Search | Minor Remodeling,28.12,55,3,0
2026-04-14,Meta,Facebook Ads,Meta | Home Refresh,195.68,3448,56,2
2026-04-14,Meta,Facebook Ads,Meta | Seasonal Promo,129.32,2618,54,3
2026-04-14,Meta,Facebook Ads,Meta | Free Estimate,50.27,1242,26,1
2026-04-15,Google Ads,Google Ads,Search | Interior Painting,365.08,871,55,4
2026-04-15,Google Ads,Google Ads,Search | Exterior Painting,340.14,717,41,3
2026-04-15,Google Ads,Google Ads,Search | Cabinet Painting,123.71,269,18,2
2026-04-15,Google Ads,Google Ads,Search | Drywall Repair,156.39,395,28,2
2026-04-15,Google Ads,Google Ads,Search | Minor Remodeling,132.63,210,13,2
2026-04-15,Meta,Facebook Ads,Meta | Home Refresh,200.32,4465,76,3
2026-04-15,Meta,Facebook Ads,Meta | Seasonal Promo,135.4,2776,60,3
2026-04-15,Meta,Facebook Ads,Meta | Free Estimate,97.52,2063,46,2
2026-04-16,Google Ads,Google Ads,Search | Interior Painting,82.9,176,12,0
2026-04-16,Google Ads,Google Ads,Search | Exterior Painting,158.26,291,17,1
2026-04-16,Google Ads,Google Ads,Search | Cabinet Painting,7.75,15,1,0
2026-04-16,Google Ads,Google Ads,Search | Drywall Repair,79.75,224,17,1
2026-04-16,Google Ads,Google Ads,Search | Minor Remodeling,593.94,1443,70,4
2026-04-16,Meta,Facebook Ads,Meta | Home Refresh,71.86,1600,30,1
2026-04-16,Meta,Facebook Ads,Meta | Seasonal Promo,71.47,1245,26,1
2026-04-16,Meta,Facebook Ads,Meta | Free Estimate,172.8,4332,87,1
2026-04-17,Google Ads,Google Ads,Search | Interior Painting,154.53,416,27,3
2026-04-17,Google Ads,Google Ads,Search | Exterior Painting,510.32,965,59,2
2026-04-17,Google Ads,Google Ads,Search | Cabinet Painting,186.2,437,31,2
2026-04-17,Google Ads,Google Ads,Search | Drywall Repair,347.88,822,59,6
2026-04-17,Google Ads,Google Ads,Search | Minor Remodeling,14.28,34,2,0
2026-04-17,Meta,Facebook Ads,Meta | Home Refresh,140.49,2736,47,2
2026-04-17,Meta,Facebook Ads,Meta | Seasonal Promo,118.66,3886,66,3
2026-04-17,Meta,Facebook Ads,Meta | Free Estimate,88.45,1799,42,1
2026-04-18,Google Ads,Google Ads,Search | Interior Painting,203.24,372,25,2
2026-04-18,Google Ads,Google Ads,Search | Exterior Painting,194.55,403,25,2
2026-04-18,Google Ads,Google Ads,Search | Cabinet Painting,35.78,90,6,0
2026-04-18,Google Ads,Google Ads,Search | Drywall Repair,111.8,268,19,1
2026-04-18,Google Ads,Google Ads,Search | Minor Remodeling,25.16,56,3,0
2026-04-18,Meta,Facebook Ads,Meta | Home Refresh,97.35,2014,31,1
2026-04-18,Meta,Facebook Ads,Meta | Seasonal Promo,52.15,1171,24,0
2026-04-18,Meta,Facebook Ads,Meta | Free Estimate,11.1,268,5,0
2026-04-19,Google Ads,Google Ads,Search | Interior Painting,67.98,139,9,1
2026-04-19,Google Ads,Google Ads,Search | Exterior Painting,123.39,285,16,0
2026-04-19,Google Ads,Google Ads,Search | Cabinet Painting,73.78,147,11,1
2026-04-19,Google Ads,Google Ads,Search | Drywall Repair,18.87,59,4,0
2026-04-19,Google Ads,Google Ads,Search | Minor Remodeling,45.95,58,3,0
2026-04-19,Meta,Facebook Ads,Meta | Home Refresh,5.0,54,1,0
2026-04-19,Meta,Facebook Ads,Meta | Seasonal Promo,77.17,2195,38,1
2026-04-19,Meta,Facebook Ads,Meta | Free Estimate,88.66,1638,37,1
2026-04-20,Google Ads,Google Ads,Search | Interior Painting,258.7,654,40,4
2026-04-20,Google Ads,Google Ads,Search | Exterior Painting,282.31,577,39,2
2026-04-20,Google Ads,Google Ads,Search | Cabinet Painting,116.17,248,18,1
2026-04-20,Google Ads,Google Ads,Search | Drywall Repair,122.17,396,24,1
2026-04-20,Google Ads,Google Ads,Search | Minor Remodeling,121.75,256,13,1
2026-04-20,Meta,Facebook Ads,Meta | Home Refresh,451.52,10531,191,7
2026-04-20,Meta,Facebook Ads,Meta | Seasonal Promo,171.81,3601,62,3
2026-04-20,Meta,Facebook Ads,Meta | Free Estimate,134.29,3310,66,2
2026-04-21,Google Ads,Google Ads,Search | Interior Painting,215.8,475,29,2
2026-04-21,Google Ads,Google Ads,Search | Exterior Painting,348.17,605,38,3
2026-04-21,Google Ads,Google Ads,Search | Cabinet Painting,236.97,521,37,2
2026-04-21,Google Ads,Google Ads,Search | Drywall Repair,372.82,969,72,7
2026-04-21,Google Ads,Google Ads,Search | Minor Remodeling,32.01,70,4,0
2026-04-21,Meta,Facebook Ads,Meta | Home Refresh,170.32,4048,64,2
2026-04-21,Meta,Facebook Ads,Meta | Seasonal Promo,103.91,1821,42,0
2026-04-21,Meta,Facebook Ads,Meta | Free Estimate,103.55,1967,43,1
2026-04-22,Google Ads,Google Ads,Search | Interior Painting,516.06,1228,80,5
2026-04-22,Google Ads,Google Ads,Search | Exterior Painting,686.42,1231,79,5
2026-04-22,Google Ads,Google Ads,Search | Cabinet Painting,93.35,214,16,1
2026-04-22,Google Ads,Google Ads,Search | Drywall Repair,264.24,588,41,3
2026-04-22,Google Ads,Google Ads,Search | Minor Remodeling,15.14,17,1,0
2026-04-22,Meta,Facebook Ads,Meta | Home Refresh,163.84,3666,59,2
2026-04-22,Meta,Facebook Ads,Meta | Seasonal Promo,56.69,1277,24,1
2026-04-22,Meta,Facebook Ads,Meta | Free Estimate,5.59,149,3,0
2026-04-23,Google Ads,Google Ads,Search | Interior Painting,201.0,458,30,2
2026-04-23,Google Ads,Google Ads,Search | Exterior Painting,382.2,573,42,3
2026-04-23,Google Ads,Google Ads,Search | Cabinet Painting,73.31,142,11,1
2026-04-23,Google Ads,Google Ads,Search | Drywall Repair,60.35,175,13,0
2026-04-23,Google Ads,Google Ads,Search | Minor Remodeling,540.98,993,53,3
2026-04-23,Meta,Facebook Ads,Meta | Home Refresh,83.21,1763,29,1
2026-04-23,Meta,Facebook Ads,Meta | Seasonal Promo,121.86,3436,60,4
2026-04-23,Meta,Facebook Ads,Meta | Free Estimate,58.1,1415,30,1
2026-04-24,Google Ads,Google Ads,Search | Interior Painting,353.21,829,53,4
2026-04-24,Google Ads,Google Ads,Search | Exterior Painting,151.82,245,16,1
2026-04-24,Google Ads,Google Ads,Search | Cabinet Painting,125.34,303,19,0
2026-04-24,Google Ads,Google Ads,Search | Drywall Repair,147.37,392,29,0
2026-04-24,Google Ads,Google Ads,Search | Minor Remodeling,332.99,563,34,1
2026-04-24,Meta,Facebook Ads,Meta | Home Refresh,180.17,3164,59,1
2026-04-24,Meta,Facebook Ads,Meta | Seasonal Promo,11.32,252,5,0
2026-04-24,Meta,Facebook Ads,Meta | Free Estimate,5.89,139,3,0
2026-04-25,Google Ads,Google Ads,Search | Interior Painting,269.82,625,39,2
2026-04-25,Google Ads,Google Ads,Search | Exterior Painting,221.8,512,31,2
2026-04-25,Google Ads,Google Ads,Search | Cabinet Painting,124.59,262,18,1
2026-04-25,Google Ads,Google Ads,Search | Drywall Repair,74.2,285,17,1
2026-04-25,Google Ads,Google Ads,Search | Minor Remodeling,343.09,640,34,1
2026-04-25,Meta,Facebook Ads,Meta | Home Refresh,40.54,938,16,0
2026-04-25,Meta,Facebook Ads,Meta | Seasonal Promo,218.2,4117,80,4
2026-04-25,Meta,Facebook Ads,Meta | Free Estimate,56.2,1415,26,1
2026-04-26,Google Ads,Google Ads,Search | Interior Painting,312.53,686,41,5
2026-04-26,Google Ads,Google Ads,Search | Exterior Painting,14.06,32,2,0
2026-04-26,Google Ads,Google Ads,Search | Cabinet Painting,109.87,203,15,1
2026-04-26,Google Ads,Google Ads,Search | Drywall Repair,142.14,298,24,0
2026-04-26,Google Ads,Google Ads,Search | Minor Remodeling,153.93,343,17,2
2026-04-26,Meta,Facebook Ads,Meta | Home Refresh,169.03,3410,63,3
2026-04-26,Meta,Facebook Ads,Meta | Seasonal Promo,162.11,3558,69,2
2026-04-26,Meta,Facebook Ads,Meta | Free Estimate,13.23,298,6,0
2026-04-27,Google Ads,Google Ads,Search | Interior Painting,409.69,953,64,5
2026-04-27,Google Ads,Google Ads,Search | Exterior Painting,693.54,1605,97,3
2026-04-27,Google Ads,Google Ads,Search | Cabinet Painting,36.24,81,6,0
2026-04-27,Google Ads,Google Ads,Search | Drywall Repair,189.33,515,37,3
2026-04-27,Google Ads,Google Ads,Search | Minor Remodeling,357.04,889,47,5
2026-04-27,Meta,Facebook Ads,Meta | Home Refresh,248.32,4703,80,3
2026-04-27,Meta,Facebook Ads,Meta | Seasonal Promo,170.47,4289,67,3
2026-04-27,Meta,Facebook Ads,Meta | Free Estimate,36.38,747,17,0
2026-04-28,Google Ads,Google Ads,Search | Interior Painting,376.78,1029,61,4
2026-04-28,Google Ads,Google Ads,Search | Exterior Painting,89.73,178,11,1
2026-04-28,Google Ads,Google Ads,Search | Cabinet Painting,17.13,38,3,0
2026-04-28,Google Ads,Google Ads,Search | Drywall Repair,132.25,396,30,1
2026-04-28,Google Ads,Google Ads,Search | Minor Remodeling,125.8,307,15,1
2026-04-28,Meta,Facebook Ads,Meta | Home Refresh,123.97,2514,43,1
2026-04-28,Meta,Facebook Ads,Meta | Seasonal Promo,155.55,3604,65,2
2026-04-28,Meta,Facebook Ads,Meta | Free Estimate,26.81,612,13,0
2026-04-29,Google Ads,Google Ads,Search | Interior Painting,123.54,282,18,1
2026-04-29,Google Ads,Google Ads,Search | Exterior Painting,340.03,816,49,2
2026-04-29,Google Ads,Google Ads,Search | Cabinet Painting,103.56,264,17,1
2026-04-29,Google Ads,Google Ads,Search | Drywall Repair,110.74,286,18,1
2026-04-29,Google Ads,Google Ads,Search | Minor Remodeling,423.81,1050,51,2
2026-04-29,Meta,Facebook Ads,Meta | Home Refresh,120.51,2582,44,2
2026-04-29,Meta,Facebook Ads,Meta | Seasonal Promo,142.11,3290,63,2
2026-04-29,Meta,Facebook Ads,Meta | Free Estimate,149.68,4376,83,2
2026-04-30,Google Ads,Google Ads,Search | Interior Painting,476.58,1416,85,6
2026-04-30,Google Ads,Google Ads,Search | Exterior Painting,448.53,867,50,4
2026-04-30,Google Ads,Google Ads,Search | Cabinet Painting,409.07,871,65,4
2026-04-30,Google Ads,Google Ads,Search | Drywall Repair,10.77,26,2,0
2026-04-30,Google Ads,Google Ads,Search | Minor Remodeling,194.87,340,18,1
2026-04-30,Meta,Facebook Ads,Meta | Home Refresh,201.31,4816,85,2
2026-04-30,Meta,Facebook Ads,Meta | Seasonal Promo,122.22,2180,42,2
2026-04-30,Meta,Facebook Ads,Meta | Free Estimate,65.65,2115,37,1
2026-05-01,Google Ads,Google Ads,Search | Interior Painting,160.85,318,22,2
2026-05-01,Google Ads,Google Ads,Search | Exterior Painting,264.58,619,39,3
2026-05-01,Google Ads,Google Ads,Search | Cabinet Painting,6.53,14,1,0
2026-05-01,Google Ads,Google Ads,Search | Drywall Repair,95.66,253,17,1
2026-05-01,Google Ads,Google Ads,Search | Minor Remodeling,494.51,799,47,3
2026-05-01,Meta,Facebook Ads,Meta | Home Refresh,116.93,2378,37,1
2026-05-01,Meta,Facebook Ads,Meta | Seasonal Promo,137.63,3716,69,3
2026-05-01,Meta,Facebook Ads,Meta | Free Estimate,112.8,2941,57,2
2026-05-02,Google Ads,Google Ads,Search | Interior Painting,114.96,294,19,2
2026-05-02,Google Ads,Google Ads,Search | Exterior Painting,546.56,1188,68,5
2026-05-02,Google Ads,Google Ads,Search | Cabinet Painting,135.37,321,23,1
2026-05-02,Google Ads,Google Ads,Search | Drywall Repair,31.76,94,6,0
2026-05-02,Google Ads,Google Ads,Search | Minor Remodeling,188.95,327,19,1
2026-05-02,Meta,Facebook Ads,Meta | Home Refresh,128.45,2812,44,1
2026-05-02,Meta,Facebook Ads,Meta | Seasonal Promo,73.38,1609,28,1
2026-05-02,Meta,Facebook Ads,Meta | Free Estimate,103.44,2364,47,1
2026-05-03,Google Ads,Google Ads,Search | Interior Painting,22.63,42,3,0
2026-05-03,Google Ads,Google Ads,Search | Exterior Painting,113.65,219,14,1
2026-05-03,Google Ads,Google Ads,Search | Cabinet Painting,11.46,27,2,0
2026-05-03,Google Ads,Google Ads,Search | Drywall Repair,5.0,15,1,0
2026-05-03,Google Ads,Google Ads,Search | Minor Remodeling,11.62,20,1,1
2026-05-03,Meta,Facebook Ads,Meta | Home Refresh,22.78,458,8,0
2026-05-03,Meta,Facebook Ads,Meta | Seasonal Promo,108.63,2300,46,0
2026-05-03,Meta,Facebook Ads,Meta | Free Estimate,5.47,107,2,0
2026-05-04,Google Ads,Google Ads,Search | Interior Painting,550.42,1317,80,5
2026-05-04,Google Ads,Google Ads,Search | Exterior Painting,276.62,595,37,1
2026-05-04,Google Ads,Google Ads,Search | Cabinet Painting,236.3,523,35,3
2026-05-04,Google Ads,Google Ads,Search | Drywall Repair,80.41,260,15,1
2026-05-04,Google Ads,Google Ads,Search | Minor Remodeling,12.22,20,1,0
2026-05-04,Meta,Facebook Ads,Meta | Home Refresh,266.82,4640,79,6
2026-05-04,Meta,Facebook Ads,Meta | Seasonal Promo,177.91,3171,61,2
2026-05-04,Meta,Facebook Ads,Meta | Free Estimate,8.88,187,4,0
2026-05-05,Google Ads,Google Ads,Search | Interior Painting,481.36,997,68,4
2026-05-05,Google Ads,Google Ads,Search | Exterior Painting,361.24,648,41,3
2026-05-05,Google Ads,Google Ads,Search | Cabinet Painting,118.71,264,18,1
2026-05-05,Google Ads,Google Ads,Search | Drywall Repair,8.44,16,1,0
2026-05-05,Google Ads,Google Ads,Search | Minor Remodeling,10.35,16,1,0
2026-05-05,Meta,Facebook Ads,Meta | Home Refresh,200.42,4955,76,2
2026-05-05,Meta,Facebook Ads,Meta | Seasonal Promo,7.23,171,3,0
2026-05-05,Meta,Facebook Ads,Meta | Free Estimate,125.16,3293,72,2
2026-05-06,Google Ads,Google Ads,Search | Interior Painting,546.66,1255,76,6
2026-05-06,Google Ads,Google Ads,Search | Exterior Painting,478.64,944,62,4
2026-05-06,Google Ads,Google Ads,Search | Cabinet Painting,184.34,371,23,2
2026-05-06,Google Ads,Google Ads,Search | Drywall Repair,16.51,45,3,0
2026-05-06,Google Ads,Google Ads,Search | Minor Remodeling,238.28,480,24,1
2026-05-06,Meta,Facebook Ads,Meta | Home Refresh,277.61,5107,94,3
2026-05-06,Meta,Facebook Ads,Meta | Seasonal Promo,85.24,1835,38,2
2026-05-06,Meta,Facebook Ads,Meta | Free Estimate,165.74,5297,100,2
2026-05-07,Google Ads,Google Ads,Search | Interior Painting,450.14,934,62,4
2026-05-07,Google Ads,Google Ads,Search | Exterior Painting,146.54,251,18,1
2026-05-07,Google Ads,Google Ads,Search | Cabinet Painting,14.58,31,2,0
2026-05-07,Google Ads,Google Ads,Search | Drywall Repair,243.8,494,36,3
2026-05-07,Google Ads,Google Ads,Search | Minor Remodeling,61.63,140,7,0
2026-05-07,Meta,Facebook Ads,Meta | Home Refresh,81.63,1671,28,1
2026-05-07,Meta,Facebook Ads,Meta | Seasonal Promo,126.8,2652,50,2
2026-05-07,Meta,Facebook Ads,Meta | Free Estimate,21.07,474,11,0
2026-05-08,Google Ads,Google Ads,Search | Interior Painting,480.37,1022,71,6
2026-05-08,Google Ads,Google Ads,Search | Exterior Painting,320.02,638,43,3
2026-05-08,Google Ads,Google Ads,Search | Cabinet Painting,152.16,359,23,1
2026-05-08,Google Ads,Google Ads,Search | Drywall Repair,220.73,632,40,3
2026-05-08,Google Ads,Google Ads,Search | Minor Remodeling,5.05,19,1,0
2026-05-08,Meta,Facebook Ads,Meta | Home Refresh,109.26,1952,38,1
2026-05-08,Meta,Facebook Ads,Meta | Seasonal Promo,121.6,2187,47,0
2026-05-08,Meta,Facebook Ads,Meta | Free Estimate,108.97,1947,45,2
2026-05-09,Google Ads,Google Ads,Search | Interior Painting,163.04,368,25,2
2026-05-09,Google Ads,Google Ads,Search | Exterior Painting,100.4,217,12,0
2026-05-09,Google Ads,Google Ads,Search | Cabinet Painting,139.09,284,18,1
2026-05-09,Google Ads,Google Ads,Search | Drywall Repair,115.66,303,20,1
2026-05-09,Google Ads,Google Ads,Search | Minor Remodeling,24.61,36,2,0
2026-05-09,Meta,Facebook Ads,Meta | Home Refresh,137.19,3075,52,2
2026-05-09,Meta,Facebook Ads,Meta | Seasonal Promo,251.26,6805,113,4
2026-05-09,Meta,Facebook Ads,Meta | Free Estimate,94.91,2260,45,1
2026-05-10,Google Ads,Google Ads,Search | Interior Painting,332.65,759,46,3
2026-05-10,Google Ads,Google Ads,Search | Exterior Painting,255.2,449,27,2
2026-05-10,Google Ads,Google Ads,Search | Cabinet Painting,228.94,565,36,2
2026-05-10,Google Ads,Google Ads,Search | Drywall Repair,130.94,346,25,1
2026-05-10,Google Ads,Google Ads,Search | Minor Remodeling,17.07,39,2,0
2026-05-10,Meta,Facebook Ads,Meta | Home Refresh,217.99,3872,69,1
2026-05-10,Meta,Facebook Ads,Meta | Seasonal Promo,170.36,4056,78,2
2026-05-10,Meta,Facebook Ads,Meta | Free Estimate,5.0,87,2,0
2026-05-11,Google Ads,Google Ads,Search | Interior Painting,123.24,223,16,1
2026-05-11,Google Ads,Google Ads,Search | Exterior Painting,506.77,923,59,4
2026-05-11,Google Ads,Google Ads,Search | Cabinet Painting,104.47,214,17,1
2026-05-11,Google Ads,Google Ads,Search | Drywall Repair,208.11,593,45,3
2026-05-11,Google Ads,Google Ads,Search | Minor Remodeling,374.75,697,37,2
2026-05-11,Meta,Facebook Ads,Meta | Home Refresh,176.54,3613,61,4
2026-05-11,Meta,Facebook Ads,Meta | Seasonal Promo,96.64,2225,40,4
2026-05-11,Meta,Facebook Ads,Meta | Free Estimate,66.48,1461,29,1
2026-05-12,Google Ads,Google Ads,Search | Interior Painting,220.39,567,35,2
2026-05-12,Google Ads,Google Ads,Search | Exterior Painting,436.19,865,53,3
2026-05-12,Google Ads,Google Ads,Search | Cabinet Painting,30.85,65,5,0
2026-05-12,Google Ads,Google Ads,Search | Drywall Repair,114.61,273,20,1
2026-05-12,Google Ads,Google Ads,Search | Minor Remodeling,174.45,341,20,1
2026-05-12,Meta,Facebook Ads,Meta | Home Refresh,94.3,2480,38,1
2026-05-12,Meta,Facebook Ads,Meta | Seasonal Promo,200.47,3725,82,1
2026-05-12,Meta,Facebook Ads,Meta | Free Estimate,160.4,3996,83,3
2026-05-13,Google Ads,Google Ads,Search | Interior Painting,211.7,508,35,3
2026-05-13,Google Ads,Google Ads,Search | Exterior Painting,486.97,959,59,5
2026-05-13,Google Ads,Google Ads,Search | Cabinet Painting,49.28,130,8,0
2026-05-13,Google Ads,Google Ads,Search | Drywall Repair,12.58,26,2,0
2026-05-13,Google Ads,Google Ads,Search | Minor Remodeling,506.6,1084,51,3
2026-05-13,Meta,Facebook Ads,Meta | Home Refresh,97.83,2304,36,1
2026-05-13,Meta,Facebook Ads,Meta | Seasonal Promo,7.21,163,3,0
2026-05-13,Meta,Facebook Ads,Meta | Free Estimate,170.27,3568,74,2
2026-05-14,Google Ads,Google Ads,Search | Interior Painting,217.38,443,32,2
2026-05-14,Google Ads,Google Ads,Search | Exterior Painting,417.3,1046,59,4
2026-05-14,Google Ads,Google Ads,Search | Cabinet Painting,210.99,518,37,1
2026-05-14,Google Ads,Google Ads,Search | Drywall Repair,187.11,379,28,3
2026-05-14,Google Ads,Google Ads,Search | Minor Remodeling,21.64,38,2,0
2026-05-14,Meta,Facebook Ads,Meta | Home Refresh,60.29,1212,21,1
2026-05-14,Meta,Facebook Ads,Meta | Seasonal Promo,79.6,1801,33,1
2026-05-14,Meta,Facebook Ads,Meta | Free Estimate,236.43,4054,103,4
2026-05-15,Google Ads,Google Ads,Search | Interior Painting,577.77,1190,77,7
2026-05-15,Google Ads,Google Ads,Search | Exterior Painting,195.4,483,30,2
2026-05-15,Google Ads,Google Ads,Search | Cabinet Painting,82.78,212,14,1
2026-05-15,Google Ads,Google Ads,Search | Drywall Repair,28.54,66,5,0
2026-05-15,Google Ads,Google Ads,Search | Minor Remodeling,281.86,531,28,1
2026-05-15,Meta,Facebook Ads,Meta | Home Refresh,159.7,2993,54,2
2026-05-15,Meta,Facebook Ads,Meta | Seasonal Promo,244.63,6013,113,3
2026-05-15,Meta,Facebook Ads,Meta | Free Estimate,64.83,1785,36,1
2026-05-16,Google Ads,Google Ads,Search | Interior Painting,7.37,19,1,0
2026-05-16,Google Ads,Google Ads,Search | Exterior Painting,226.74,402,25,2
2026-05-16,Google Ads,Google Ads,Search | Cabinet Painting,26.56,58,4,0
2026-05-16,Google Ads,Google Ads,Search | Drywall Repair,9.64,30,2,0
2026-05-16,Google Ads,Google Ads,Search | Minor Remodeling,189.5,451,22,3
2026-05-16,Meta,Facebook Ads,Meta | Home Refresh,5.0,99,2,0
2026-05-16,Meta,Facebook Ads,Meta | Seasonal Promo,62.28,1152,23,1
2026-05-16,Meta,Facebook Ads,Meta | Free Estimate,38.06,956,20,0
2026-05-17,Google Ads,Google Ads,Search | Interior Painting,103.43,200,14,1
2026-05-17,Google Ads,Google Ads,Search | Exterior Painting,338.66,704,47,2
2026-05-17,Google Ads,Google Ads,Search | Cabinet Painting,164.63,388,27,1
2026-05-17,Google Ads,Google Ads,Search | Drywall Repair,6.19,15,1,0
2026-05-17,Google Ads,Google Ads,Search | Minor Remodeling,112.98,151,9,1
2026-05-17,Meta,Facebook Ads,Meta | Home Refresh,142.85,2638,49,1
2026-05-17,Meta,Facebook Ads,Meta | Seasonal Promo,21.88,499,8,0
2026-05-17,Meta,Facebook Ads,Meta | Free Estimate,25.71,543,12,0
2026-05-18,Google Ads,Google Ads,Search | Interior Painting,19.3,45,3,0
2026-05-18,Google Ads,Google Ads,Search | Exterior Painting,391.3,856,51,2
2026-05-18,Google Ads,Google Ads,Search | Cabinet Painting,226.52,464,31,2
2026-05-18,Google Ads,Google Ads,Search | Drywall Repair,100.12,259,19,1
2026-05-18,Google Ads,Google Ads,Search | Minor Remodeling,144.28,247,16,1
2026-05-18,Meta,Facebook Ads,Meta | Home Refresh,73.99,1710,28,1
2026-05-18,Meta,Facebook Ads,Meta | Seasonal Promo,72.48,1486,29,1
2026-05-18,Meta,Facebook Ads,Meta | Free Estimate,19.33,489,10,0
2026-05-19,Google Ads,Google Ads,Search | Interior Painting,395.29,1022,63,4
2026-05-19,Google Ads,Google Ads,Search | Exterior Painting,496.34,836,59,4
2026-05-19,Google Ads,Google Ads,Search | Cabinet Painting,224.74,553,39,2
2026-05-19,Google Ads,Google Ads,Search | Drywall Repair,222.35,542,40,2
2026-05-19,Google Ads,Google Ads,Search | Minor Remodeling,22.11,38,2,0
2026-05-19,Meta,Facebook Ads,Meta | Home Refresh,96.96,2045,32,2
2026-05-19,Meta,Facebook Ads,Meta | Seasonal Promo,31.82,620,12,0
2026-05-19,Meta,Facebook Ads,Meta | Free Estimate,71.18,1923,37,1
2026-05-20,Google Ads,Google Ads,Search | Interior Painting,231.54,479,33,2
2026-05-20,Google Ads,Google Ads,Search | Exterior Painting,148.88,304,17,1
2026-05-20,Google Ads,Google Ads,Search | Cabinet Painting,11.26,31,2,0
2026-05-20,Google Ads,Google Ads,Search | Drywall Repair,31.55,72,5,0
2026-05-20,Google Ads,Google Ads,Search | Minor Remodeling,213.69,458,25,1
2026-05-20,Meta,Facebook Ads,Meta | Home Refresh,20.49,365,6,0
2026-05-20,Meta,Facebook Ads,Meta | Seasonal Promo,57.01,1474,25,1
2026-05-20,Meta,Facebook Ads,Meta | Free Estimate,48.1,1391,27,1
2026-05-21,Google Ads,Google Ads,Search | Interior Painting,400.22,982,61,6
2026-05-21,Google Ads,Google Ads,Search | Exterior Painting,482.95,1050,67,4
2026-05-21,Google Ads,Google Ads,Search | Cabinet Painting,100.5,233,16,1
2026-05-21,Google Ads,Google Ads,Search | Drywall Repair,353.3,879,64,4
2026-05-21,Google Ads,Google Ads,Search | Minor Remodeling,322.3,619,34,2
2026-05-21,Meta,Facebook Ads,Meta | Home Refresh,7.04,106,2,0
2026-05-21,Meta,Facebook Ads,Meta | Seasonal Promo,253.76,6074,120,4
2026-05-21,Meta,Facebook Ads,Meta | Free Estimate,27.79,515,11,0
2026-05-22,Google Ads,Google Ads,Search | Interior Painting,141.62,336,22,1
2026-05-22,Google Ads,Google Ads,Search | Exterior Painting,450.72,714,48,4
2026-05-22,Google Ads,Google Ads,Search | Cabinet Painting,91.29,220,15,1
2026-05-22,Google Ads,Google Ads,Search | Drywall Repair,19.81,53,4,0
2026-05-22,Google Ads,Google Ads,Search | Minor Remodeling,14.16,41,2,0
2026-05-22,Meta,Facebook Ads,Meta | Home Refresh,296.59,7007,106,2
2026-05-22,Meta,Facebook Ads,Meta | Seasonal Promo,98.91,2898,44,1
2026-05-22,Meta,Facebook Ads,Meta | Free Estimate,5.0,165,3,0
2026-05-23,Google Ads,Google Ads,Search | Interior Painting,195.22,501,29,1
2026-05-23,Google Ads,Google Ads,Search | Exterior Painting,184.77,408,25,1
2026-05-23,Google Ads,Google Ads,Search | Cabinet Painting,66.85,155,11,0
2026-05-23,Google Ads,Google Ads,Search | Drywall Repair,78.43,183,13,1
2026-05-23,Google Ads,Google Ads,Search | Minor Remodeling,17.86,36,2,0
2026-05-23,Meta,Facebook Ads,Meta | Home Refresh,97.89,1979,35,1
2026-05-23,Meta,Facebook Ads,Meta | Seasonal Promo,107.56,2539,51,2
2026-05-23,Meta,Facebook Ads,Meta | Free Estimate,19.01,499,11,0
2026-05-24,Google Ads,Google Ads,Search | Interior Painting,190.41,422,28,2
2026-05-24,Google Ads,Google Ads,Search | Exterior Painting,97.48,188,13,1
2026-05-24,Google Ads,Google Ads,Search | Cabinet Painting,38.65,101,6,0
2026-05-24,Google Ads,Google Ads,Search | Drywall Repair,21.14,51,4,0
2026-05-24,Google Ads,Google Ads,Search | Minor Remodeling,406.6,752,44,3
2026-05-24,Meta,Facebook Ads,Meta | Home Refresh,198.51,3664,67,3
2026-05-24,Meta,Facebook Ads,Meta | Seasonal Promo,13.74,270,5,0
2026-05-24,Meta,Facebook Ads,Meta | Free Estimate,111.2,2475,58,1
2026-05-25,Google Ads,Google Ads,Search | Interior Painting,523.65,1066,74,4
2026-05-25,Google Ads,Google Ads,Search | Exterior Painting,122.74,289,16,1
2026-05-25,Google Ads,Google Ads,Search | Cabinet Painting,298.66,611,42,3
2026-05-25,Google Ads,Google Ads,Search | Drywall Repair,354.35,691,55,4
2026-05-25,Google Ads,Google Ads,Search | Minor Remodeling,10.5,19,1,0
2026-05-25,Meta,Facebook Ads,Meta | Home Refresh,242.37,5086,84,4
2026-05-25,Meta,Facebook Ads,Meta | Seasonal Promo,157.97,3791,68,1
2026-05-25,Meta,Facebook Ads,Meta | Free Estimate,186.65,3897,80,3
2026-05-26,Google Ads,Google Ads,Search | Interior Painting,538.03,1249,74,3
2026-05-26,Google Ads,Google Ads,Search | Exterior Painting,462.48,887,60,5
2026-05-26,Google Ads,Google Ads,Search | Cabinet Painting,12.31,29,2,0
2026-05-26,Google Ads,Google Ads,Search | Drywall Repair,101.65,273,18,1
2026-05-26,Google Ads,Google Ads,Search | Minor Remodeling,200.63,523,23,1
2026-05-26,Meta,Facebook Ads,Meta | Home Refresh,231.77,4552,77,2
2026-05-26,Meta,Facebook Ads,Meta | Seasonal Promo,150.96,2712,64,3
2026-05-26,Meta,Facebook Ads,Meta | Free Estimate,141.61,2815,67,2
2026-05-27,Google Ads,Google Ads,Search | Interior Painting,340.33,903,55,3
2026-05-27,Google Ads,Google Ads,Search | Exterior Painting,299.92,528,35,2
2026-05-27,Google Ads,Google Ads,Search | Cabinet Painting,213.97,426,29,2
2026-05-27,Google Ads,Google Ads,Search | Drywall Repair,238.27,604,41,3
2026-05-27,Google Ads,Google Ads,Search | Minor Remodeling,114.62,205,13,1
2026-05-27,Meta,Facebook Ads,Meta | Home Refresh,285.05,5900,98,4
2026-05-27,Meta,Facebook Ads,Meta | Seasonal Promo,103.36,2058,39,1
2026-05-27,Meta,Facebook Ads,Meta | Free Estimate,68.09,1290,27,1
2026-05-28,Google Ads,Google Ads,Search | Interior Painting,314.58,690,47,2
2026-05-28,Google Ads,Google Ads,Search | Exterior Painting,376.31,784,45,3
2026-05-28,Google Ads,Google Ads,Search | Cabinet Painting,177.11,417,27,2
2026-05-28,Google Ads,Google Ads,Search | Drywall Repair,54.49,150,10,3
2026-05-28,Google Ads,Google Ads,Search | Minor Remodeling,427.27,904,50,2
2026-05-28,Meta,Facebook Ads,Meta | Home Refresh,62.3,1299,23,1
2026-05-28,Meta,Facebook Ads,Meta | Seasonal Promo,119.32,2792,55,2
2026-05-28,Meta,Facebook Ads,Meta | Free Estimate,112.89,2346,49,5
2026-05-29,Google Ads,Google Ads,Search | Interior Painting,532.26,1188,66,4
2026-05-29,Google Ads,Google Ads,Search | Exterior Painting,294.34,587,40,2
2026-05-29,Google Ads,Google Ads,Search | Cabinet Painting,29.94,63,5,0
2026-05-29,Google Ads,Google Ads,Search | Drywall Repair,121.41,387,27,2
2026-05-29,Google Ads,Google Ads,Search | Minor Remodeling,267.32,522,27,2
2026-05-29,Meta,Facebook Ads,Meta | Home Refresh,393.73,9325,143,7
2026-05-29,Meta,Facebook Ads,Meta | Seasonal Promo,70.28,1374,27,1
2026-05-29,Meta,Facebook Ads,Meta | Free Estimate,66.29,1763,33,1
2026-05-30,Google Ads,Google Ads,Search | Interior Painting,304.78,604,38,4
2026-05-30,Google Ads,Google Ads,Search | Exterior Painting,87.11,175,10,0
2026-05-30,Google Ads,Google Ads,Search | Cabinet Painting,5.0,16,1,0
2026-05-30,Google Ads,Google Ads,Search | Drywall Repair,7.03,16,1,0
2026-05-30,Google Ads,Google Ads,Search | Minor Remodeling,44.44,69,4,0
2026-05-30,Meta,Facebook Ads,Meta | Home Refresh,25.54,533,10,0
2026-05-30,Meta,Facebook Ads,Meta | Seasonal Promo,5.29,102,2,0
2026-05-30,Meta,Facebook Ads,Meta | Free Estimate,68.99,1813,37,1
2026-05-31,Google Ads,Google Ads,Search | Interior Painting,487.03,944,63,3
2026-05-31,Google Ads,Google Ads,Search | Exterior Painting,112.74,229,14,1
2026-05-31,Google Ads,Google Ads,Search | Cabinet Painting,5.0,12,1,0
2026-05-31,Google Ads,Google Ads,Search | Drywall Repair,174.99,403,32,2
2026-05-31,Google Ads,Google Ads,Search | Minor Remodeling,43.74,93,5,0
2026-05-31,Meta,Facebook Ads,Meta | Home Refresh,25.83,635,10,0
2026-05-31,Meta,Facebook Ads,Meta | Seasonal Promo,11.57,225,4,0
2026-05-31,Meta,Facebook Ads,Meta | Free Estimate,22.58,465,10,0
2026-06-01,Google Ads,Google Ads,Search | Interior Painting,101.72,180,13,0
2026-06-01,Google Ads,Google Ads,Search | Exterior Painting,502.07,1023,63,2
2026-06-01,Google Ads,Google Ads,Search | Cabinet Painting,93.26,204,15,0
2026-06-01,Google Ads,Google Ads,Search | Drywall Repair,86.65,241,16,1
2026-06-01,Google Ads,Google Ads,Search | Minor Remodeling,346.64,710,34,2
2026-06-01,Meta,Facebook Ads,Meta | Home Refresh,38.43,775,14,0
2026-06-01,Meta,Facebook Ads,Meta | Seasonal Promo,243.77,5607,90,2
2026-06-01,Meta,Facebook Ads,Meta | Free Estimate,170.69,4455,95,3
2026-06-02,Google Ads,Google Ads,Search | Interior Painting,240.69,513,33,4
2026-06-02,Google Ads,Google Ads,Search | Exterior Painting,159.66,342,21,1
2026-06-02,Google Ads,Google Ads,Search | Cabinet Painting,206.42,466,32,2
2026-06-02,Google Ads,Google Ads,Search | Drywall Repair,24.8,70,5,0
2026-06-02,Google Ads,Google Ads,Search | Minor Remodeling,7.3,17,1,0
2026-06-02,Meta,Facebook Ads,Meta | Home Refresh,144.75,2648,46,2
2026-06-02,Meta,Facebook Ads,Meta | Seasonal Promo,11.86,256,5,0
2026-06-02,Meta,Facebook Ads,Meta | Free Estimate,42.86,961,22,0
2026-06-03,Google Ads,Google Ads,Search | Interior Painting,253.04,612,38,3
2026-06-03,Google Ads,Google Ads,Search | Exterior Painting,310.67,739,41,3
2026-06-03,Google Ads,Google Ads,Search | Cabinet Painting,27.21,64,4,0
2026-06-03,Google Ads,Google Ads,Search | Drywall Repair,96.71,254,18,1
2026-06-03,Google Ads,Google Ads,Search | Minor Remodeling,163.56,301,17,1
2026-06-03,Meta,Facebook Ads,Meta | Home Refresh,173.99,3598,60,2
2026-06-03,Meta,Facebook Ads,Meta | Seasonal Promo,408.1,8678,160,6
2026-06-03,Meta,Facebook Ads,Meta | Free Estimate,161.22,4032,82,3
2026-06-04,Google Ads,Google Ads,Search | Interior Painting,94.22,221,15,1
2026-06-04,Google Ads,Google Ads,Search | Exterior Painting,247.53,487,29,2
2026-06-04,Google Ads,Google Ads,Search | Cabinet Painting,146.18,412,25,2
2026-06-04,Google Ads,Google Ads,Search | Drywall Repair,190.91,460,36,1
2026-06-04,Google Ads,Google Ads,Search | Minor Remodeling,57.19,103,6,0
2026-06-04,Meta,Facebook Ads,Meta | Home Refresh,132.81,3403,55,1
2026-06-04,Meta,Facebook Ads,Meta | Seasonal Promo,74.27,1748,32,1
2026-06-04,Meta,Facebook Ads,Meta | Free Estimate,165.79,3976,83,3
2026-06-05,Google Ads,Google Ads,Search | Interior Painting,284.36,584,43,3
2026-06-05,Google Ads,Google Ads,Search | Exterior Painting,227.78,466,30,1
2026-06-05,Google Ads,Google Ads,Search | Cabinet Painting,44.81,88,6,0
2026-06-05,Google Ads,Google Ads,Search | Drywall Repair,5.0,13,1,0
2026-06-05,Google Ads,Google Ads,Search | Minor Remodeling,17.36,38,2,0
2026-06-05,Meta,Facebook Ads,Meta | Home Refresh,9.13,174,3,0
2026-06-05,Meta,Facebook Ads,Meta | Seasonal Promo,113.74,3157,57,3
2026-06-05,Meta,Facebook Ads,Meta | Free Estimate,91.09,1441,35,0
2026-06-06,Google Ads,Google Ads,Search | Interior Painting,88.25,219,14,1
2026-06-06,Google Ads,Google Ads,Search | Exterior Painting,49.75,91,6,0
2026-06-06,Google Ads,Google Ads,Search | Cabinet Painting,90.73,265,16,1
2026-06-06,Google Ads,Google Ads,Search | Drywall Repair,86.84,250,17,1
2026-06-06,Google Ads,Google Ads,Search | Minor Remodeling,17.98,36,2,0
2026-06-06,Meta,Facebook Ads,Meta | Home Refresh,145.38,3054,55,2
2026-06-06,Meta,Facebook Ads,Meta | Seasonal Promo,48.12,1183,20,0
2026-06-06,Meta,Facebook Ads,Meta | Free Estimate,104.97,2434,53,1
2026-06-07,Google Ads,Google Ads,Search | Interior Painting,160.78,317,22,2
2026-06-07,Google Ads,Google Ads,Search | Exterior Painting,29.15,76,4,0
2026-06-07,Google Ads,Google Ads,Search | Cabinet Painting,125.77,267,21,1
2026-06-07,Google Ads,Google Ads,Search | Drywall Repair,71.96,187,15,0
2026-06-07,Google Ads,Google Ads,Search | Minor Remodeling,6.9,16,1,0
2026-06-07,Meta,Facebook Ads,Meta | Home Refresh,44.68,870,15,0
2026-06-07,Meta,Facebook Ads,Meta | Seasonal Promo,7.96,147,3,0
2026-06-07,Meta,Facebook Ads,Meta | Free Estimate,98.91,2266,47,1
2026-06-08,Google Ads,Google Ads,Search | Interior Painting,560.07,1289,87,5
2026-06-08,Google Ads,Google Ads,Search | Exterior Painting,466.14,892,54,3
2026-06-08,Google Ads,Google Ads,Search | Cabinet Painting,78.36,191,12,1
2026-06-08,Google Ads,Google Ads,Search | Drywall Repair,23.89,60,4,0
2026-06-08,Google Ads,Google Ads,Search | Minor Remodeling,301.55,809,39,2
2026-06-08,Meta,Facebook Ads,Meta | Home Refresh,268.89,4787,84,1
2026-06-08,Meta,Facebook Ads,Meta | Seasonal Promo,9.43,237,4,0
2026-06-08,Meta,Facebook Ads,Meta | Free Estimate,11.6,263,5,0
2026-06-09,Google Ads,Google Ads,Search | Interior Painting,607.4,979,64,5
2026-06-09,Google Ads,Google Ads,Search | Exterior Painting,146.96,339,19,1
2026-06-09,Google Ads,Google Ads,Search | Cabinet Painting,41.09,106,7,0
2026-06-09,Google Ads,Google Ads,Search | Drywall Repair,78.2,229,16,1
2026-06-09,Google Ads,Google Ads,Search | Minor Remodeling,112.39,229,12,2
2026-06-09,Meta,Facebook Ads,Meta | Home Refresh,17.16,371,6,0
2026-06-09,Meta,Facebook Ads,Meta | Seasonal Promo,71.29,1910,33,1
2026-06-09,Meta,Facebook Ads,Meta | Free Estimate,50.47,1201,24,2
2026-06-10,Google Ads,Google Ads,Search | Interior Painting,231.76,493,30,2
2026-06-10,Google Ads,Google Ads,Search | Exterior Painting,651.85,1449,91,7
2026-06-10,Google Ads,Google Ads,Search | Cabinet Painting,157.29,346,23,2
2026-06-10,Google Ads,Google Ads,Search | Drywall Repair,17.56,60,4,0
2026-06-10,Google Ads,Google Ads,Search | Minor Remodeling,133.23,247,14,1
2026-06-10,Meta,Facebook Ads,Meta | Home Refresh,103.94,2623,42,1
2026-06-10,Meta,Facebook Ads,Meta | Seasonal Promo,165.32,3551,65,5
2026-06-10,Meta,Facebook Ads,Meta | Free Estimate,18.63,417,9,0
2026-06-11,Google Ads,Google Ads,Search | Interior Painting,147.16,356,25,1
2026-06-11,Google Ads,Google Ads,Search | Exterior Painting,194.58,399,24,2
2026-06-11,Google Ads,Google Ads,Search | Cabinet Painting,199.94,437,30,2
2026-06-11,Google Ads,Google Ads,Search | Drywall Repair,114.8,277,21,1
2026-06-11,Google Ads,Google Ads,Search | Minor Remodeling,287.08,461,25,2
2026-06-11,Meta,Facebook Ads,Meta | Home Refresh,189.7,3855,61,3
2026-06-11,Meta,Facebook Ads,Meta | Seasonal Promo,71.69,1767,31,0
2026-06-11,Meta,Facebook Ads,Meta | Free Estimate,31.42,605,13,0
2026-06-12,Google Ads,Google Ads,Search | Interior Painting,277.1,583,36,2
2026-06-12,Google Ads,Google Ads,Search | Exterior Painting,142.4,317,20,1
2026-06-12,Google Ads,Google Ads,Search | Cabinet Painting,237.47,597,38,2
2026-06-12,Google Ads,Google Ads,Search | Drywall Repair,112.42,265,19,2
2026-06-12,Google Ads,Google Ads,Search | Minor Remodeling,77.74,138,9,0
2026-06-12,Meta,Facebook Ads,Meta | Home Refresh,6.0,110,2,0
2026-06-12,Meta,Facebook Ads,Meta | Seasonal Promo,65.67,1478,27,0
2026-06-12,Meta,Facebook Ads,Meta | Free Estimate,69.24,1849,38,1
2026-06-13,Google Ads,Google Ads,Search | Interior Painting,88.8,224,13,1
2026-06-13,Google Ads,Google Ads,Search | Exterior Painting,119.3,228,13,1
2026-06-13,Google Ads,Google Ads,Search | Cabinet Painting,24.13,52,4,0
2026-06-13,Google Ads,Google Ads,Search | Drywall Repair,108.92,286,20,1
2026-06-13,Google Ads,Google Ads,Search | Minor Remodeling,95.14,179,10,0
2026-06-13,Meta,Facebook Ads,Meta | Home Refresh,91.61,2165,35,0
2026-06-13,Meta,Facebook Ads,Meta | Seasonal Promo,66.79,1140,25,1
2026-06-13,Meta,Facebook Ads,Meta | Free Estimate,55.06,1230,25,1
2026-06-14,Google Ads,Google Ads,Search | Interior Painting,133.55,294,19,1
2026-06-14,Google Ads,Google Ads,Search | Exterior Painting,25.59,51,3,0
2026-06-14,Google Ads,Google Ads,Search | Cabinet Painting,8.56,15,1,0
2026-06-14,Google Ads,Google Ads,Search | Drywall Repair,93.28,221,17,1
2026-06-14,Google Ads,Google Ads,Search | Minor Remodeling,150.18,322,17,1
2026-06-14,Meta,Facebook Ads,Meta | Home Refresh,62.17,1063,19,0
2026-06-14,Meta,Facebook Ads,Meta | Seasonal Promo,25.22,598,11,0
2026-06-14,Meta,Facebook Ads,Meta | Free Estimate,49.18,1213,23,0
2026-06-15,Google Ads,Google Ads,Search | Interior Painting,196.05,413,28,2
2026-06-15,Google Ads,Google Ads,Search | Exterior Painting,252.17,455,33,2
2026-06-15,Google Ads,Google Ads,Search | Cabinet Painting,105.61,215,15,1
2026-06-15,Google Ads,Google Ads,Search | Drywall Repair,168.39,442,33,2
2026-06-15,Google Ads,Google Ads,Search | Minor Remodeling,148.89,264,15,2
2026-06-15,Meta,Facebook Ads,Meta | Home Refresh,76.86,2096,30,1
2026-06-15,Meta,Facebook Ads,Meta | Seasonal Promo,116.61,2653,51,2
2026-06-15,Meta,Facebook Ads,Meta | Free Estimate,133.07,2684,59,2
2026-06-16,Google Ads,Google Ads,Search | Interior Painting,90.58,174,13,1
2026-06-16,Google Ads,Google Ads,Search | Exterior Painting,99.14,182,12,1
2026-06-16,Google Ads,Google Ads,Search | Cabinet Painting,123.7,328,19,1
2026-06-16,Google Ads,Google Ads,Search | Drywall Repair,237.79,681,46,3
2026-06-16,Google Ads,Google Ads,Search | Minor Remodeling,123.47,224,13,0
2026-06-16,Meta,Facebook Ads,Meta | Home Refresh,123.79,2657,39,2
2026-06-16,Meta,Facebook Ads,Meta | Seasonal Promo,59.17,1475,32,1
2026-06-16,Meta,Facebook Ads,Meta | Free Estimate,132.12,2842,56,2
2026-06-17,Google Ads,Google Ads,Search | Interior Painting,549.89,1179,85,6
2026-06-17,Google Ads,Google Ads,Search | Exterior Painting,746.96,1755,96,5
2026-06-17,Google Ads,Google Ads,Search | Cabinet Painting,132.08,316,21,1
2026-06-17,Google Ads,Google Ads,Search | Drywall Repair,25.78,60,4,0
2026-06-17,Google Ads,Google Ads,Search | Minor Remodeling,281.07,522,30,3
2026-06-17,Meta,Facebook Ads,Meta | Home Refresh,5.01,106,2,0
2026-06-17,Meta,Facebook Ads,Meta | Seasonal Promo,106.07,2174,40,2
2026-06-17,Meta,Facebook Ads,Meta | Free Estimate,87.83,1555,38,2
2026-06-18,Google Ads,Google Ads,Search | Interior Painting,320.04,718,45,3
2026-06-18,Google Ads,Google Ads,Search | Exterior Painting,301.13,518,34,2
2026-06-18,Google Ads,Google Ads,Search | Cabinet Painting,92.92,194,13,1
2026-06-18,Google Ads,Google Ads,Search | Drywall Repair,81.36,226,17,1
2026-06-18,Google Ads,Google Ads,Search | Minor Remodeling,537.64,974,54,5
2026-06-18,Meta,Facebook Ads,Meta | Home Refresh,207.83,3569,64,4
2026-06-18,Meta,Facebook Ads,Meta | Seasonal Promo,153.09,3723,66,4
2026-06-18,Meta,Facebook Ads,Meta | Free Estimate,23.59,450,10,1
2026-06-19,Google Ads,Google Ads,Search | Interior Painting,144.28,326,20,1
2026-06-19,Google Ads,Google Ads,Search | Exterior Painting,458.86,887,52,4
2026-06-19,Google Ads,Google Ads,Search | Cabinet Painting,23.09,64,4,0
2026-06-19,Google Ads,Google Ads,Search | Drywall Repair,95.38,318,22,1
2026-06-19,Google Ads,Google Ads,Search | Minor Remodeling,15.67,34,2,0
2026-06-19,Meta,Facebook Ads,Meta | Home Refresh,67.46,1367,24,1
2026-06-19,Meta,Facebook Ads,Meta | Seasonal Promo,168.3,3897,76,3
2026-06-19,Meta,Facebook Ads,Meta | Free Estimate,112.69,2090,51,3
2026-06-20,Google Ads,Google Ads,Search | Interior Painting,447.42,1140,76,3
2026-06-20,Google Ads,Google Ads,Search | Exterior Painting,141.99,358,19,1
2026-06-20,Google Ads,Google Ads,Search | Cabinet Painting,262.4,653,45,2
2026-06-20,Google Ads,Google Ads,Search | Drywall Repair,103.62,238,19,1
2026-06-20,Google Ads,Google Ads,Search | Minor Remodeling,505.76,991,53,3
2026-06-20,Meta,Facebook Ads,Meta | Home Refresh,27.78,556,9,0
2026-06-20,Meta,Facebook Ads,Meta | Seasonal Promo,281.78,7699,140,4
2026-06-20,Meta,Facebook Ads,Meta | Free Estimate,134.72,2418,56,2
2026-06-21,Google Ads,Google Ads,Search | Interior Painting,485.33,1177,70,4
2026-06-21,Google Ads,Google Ads,Search | Exterior Painting,128.82,271,17,1
2026-06-21,Google Ads,Google Ads,Search | Cabinet Painting,5.0,15,1,0
2026-06-21,Google Ads,Google Ads,Search | Drywall Repair,113.8,322,21,1
2026-06-21,Google Ads,Google Ads,Search | Minor Remodeling,13.08,19,1,0
2026-06-21,Meta,Facebook Ads,Meta | Home Refresh,163.5,4730,75,3
2026-06-21,Meta,Facebook Ads,Meta | Seasonal Promo,23.66,568,11,0
2026-06-21,Meta,Facebook Ads,Meta | Free Estimate,85.77,1627,39,0
2026-06-22,Google Ads,Google Ads,Search | Interior Painting,271.01,575,37,2
2026-06-22,Google Ads,Google Ads,Search | Exterior Painting,685.13,1395,76,6
2026-06-22,Google Ads,Google Ads,Search | Cabinet Painting,110.71,258,17,1
2026-06-22,Google Ads,Google Ads,Search | Drywall Repair,122.85,358,25,1
2026-06-22,Google Ads,Google Ads,Search | Minor Remodeling,233.47,470,26,1
2026-06-22,Meta,Facebook Ads,Meta | Home Refresh,10.52,157,3,0
2026-06-22,Meta,Facebook Ads,Meta | Seasonal Promo,174.86,5974,99,1
2026-06-22,Meta,Facebook Ads,Meta | Free Estimate,173.49,3836,81,3
2026-06-23,Google Ads,Google Ads,Search | Interior Painting,323.33,588,41,4
2026-06-23,Google Ads,Google Ads,Search | Exterior Painting,213.21,395,26,2
2026-06-23,Google Ads,Google Ads,Search | Cabinet Painting,198.64,551,37,2
2026-06-23,Google Ads,Google Ads,Search | Drywall Repair,115.54,290,21,2
2026-06-23,Google Ads,Google Ads,Search | Minor Remodeling,350.81,784,40,2
2026-06-23,Meta,Facebook Ads,Meta | Home Refresh,142.53,2470,45,2
2026-06-23,Meta,Facebook Ads,Meta | Seasonal Promo,12.03,279,5,0
2026-06-23,Meta,Facebook Ads,Meta | Free Estimate,78.91,1435,34,1
2026-06-24,Google Ads,Google Ads,Search | Interior Painting,5.0,17,1,0
2026-06-24,Google Ads,Google Ads,Search | Exterior Painting,326.35,642,38,2
2026-06-24,Google Ads,Google Ads,Search | Cabinet Painting,158.94,366,23,2
2026-06-24,Google Ads,Google Ads,Search | Drywall Repair,145.95,400,26,3
2026-06-24,Google Ads,Google Ads,Search | Minor Remodeling,10.28,20,1,0
2026-06-24,Meta,Facebook Ads,Meta | Home Refresh,86.12,1650,27,1
2026-06-24,Meta,Facebook Ads,Meta | Seasonal Promo,174.25,3640,74,2
2026-06-24,Meta,Facebook Ads,Meta | Free Estimate,55.29,1111,25,1
2026-06-25,Google Ads,Google Ads,Search | Interior Painting,376.76,945,65,4
2026-06-25,Google Ads,Google Ads,Search | Exterior Painting,410.13,901,50,3
2026-06-25,Google Ads,Google Ads,Search | Cabinet Painting,260.91,675,45,4
2026-06-25,Google Ads,Google Ads,Search | Drywall Repair,19.34,55,4,0
2026-06-25,Google Ads,Google Ads,Search | Minor Remodeling,49.62,89,5,0
2026-06-25,Meta,Facebook Ads,Meta | Home Refresh,6.19,135,2,0
2026-06-25,Meta,Facebook Ads,Meta | Seasonal Promo,9.7,206,4,0
2026-06-25,Meta,Facebook Ads,Meta | Free Estimate,76.1,1697,39,0
2026-06-26,Google Ads,Google Ads,Search | Interior Painting,134.91,355,22,1
2026-06-26,Google Ads,Google Ads,Search | Exterior Painting,126.66,265,14,0
2026-06-26,Google Ads,Google Ads,Search | Cabinet Painting,188.32,400,28,2
2026-06-26,Google Ads,Google Ads,Search | Drywall Repair,330.29,842,57,2
2026-06-26,Google Ads,Google Ads,Search | Minor Remodeling,196.15,381,22,1
2026-06-26,Meta,Facebook Ads,Meta | Home Refresh,81.09,2119,32,1
2026-06-26,Meta,Facebook Ads,Meta | Seasonal Promo,151.09,3139,60,2
2026-06-26,Meta,Facebook Ads,Meta | Free Estimate,12.04,182,4,0
2026-06-27,Google Ads,Google Ads,Search | Interior Painting,103.04,242,14,0
2026-06-27,Google Ads,Google Ads,Search | Exterior Painting,288.25,512,33,3
2026-06-27,Google Ads,Google Ads,Search | Cabinet Painting,123.99,327,21,1
2026-06-27,Google Ads,Google Ads,Search | Drywall Repair,180.37,472,34,2
2026-06-27,Google Ads,Google Ads,Search | Minor Remodeling,7.23,21,1,0
2026-06-27,Meta,Facebook Ads,Meta | Home Refresh,287.18,6061,103,3
2026-06-27,Meta,Facebook Ads,Meta | Seasonal Promo,8.65,221,4,0
2026-06-27,Meta,Facebook Ads,Meta | Free Estimate,8.72,185,4,0
2026-06-28,Google Ads,Google Ads,Search | Interior Painting,154.75,334,22,1
2026-06-28,Google Ads,Google Ads,Search | Exterior Painting,264.85,634,33,2
2026-06-28,Google Ads,Google Ads,Search | Cabinet Painting,83.46,207,13,0
2026-06-28,Google Ads,Google Ads,Search | Drywall Repair,17.97,60,4,0
2026-06-28,Google Ads,Google Ads,Search | Minor Remodeling,172.3,301,16,1
2026-06-28,Meta,Facebook Ads,Meta | Home Refresh,120.24,2309,45,1
2026-06-28,Meta,Facebook Ads,Meta | Seasonal Promo,80.99,1550,28,0
2026-06-28,Meta,Facebook Ads,Meta | Free Estimate,60.71,1718,33,2
2026-06-29,Google Ads,Google Ads,Search | Interior Painting,138.46,301,20,1
2026-06-29,Google Ads,Google Ads,Search | Exterior Painting,56.67,99,6,1
2026-06-29,Google Ads,Google Ads,Search | Cabinet Painting,93.24,216,15,1
2026-06-29,Google Ads,Google Ads,Search | Drywall Repair,155.19,408,29,2
2026-06-29,Google Ads,Google Ads,Search | Minor Remodeling,236.92,462,24,2
2026-06-29,Meta,Facebook Ads,Meta | Home Refresh,226.29,4002,68,2
2026-06-29,Meta,Facebook Ads,Meta | Seasonal Promo,188.19,4991,85,2
2026-06-29,Meta,Facebook Ads,Meta | Free Estimate,67.64,1673,31,1
2026-06-30,Google Ads,Google Ads,Search | Interior Painting,196.92,330,23,1
2026-06-30,Google Ads,Google Ads,Search | Exterior Painting,402.57,838,55,5
2026-06-30,Google Ads,Google Ads,Search | Cabinet Painting,92.11,213,15,1
2026-06-30,Google Ads,Google Ads,Search | Drywall Repair,93.13,249,19,0
2026-06-30,Google Ads,Google Ads,Search | Minor Remodeling,23.08,52,3,0
2026-06-30,Meta,Facebook Ads,Meta | Home Refresh,12.6,220,4,0
2026-06-30,Meta,Facebook Ads,Meta | Seasonal Promo,10.39,208,4,0
2026-06-30,Meta,Facebook Ads,Meta | Free Estimate,106.44,2980,53,2
